{"stats":{"minecraft:custom":{"minecraft:time_since_rest":19798,"minecraft:interact_with_smithing_table":4,"minecraft:sprint_one_cm":7373,"minecraft:damage_taken":79,"minecraft:walk_one_cm":4410,"minecraft:drop":18,"minecraft:damage_dealt":104,"minecraft:fly_one_cm":14836,"minecraft:play_time":19798,"minecraft:sneak_time":4,"minecraft:jump":84,"minecraft:leave_game":1,"minecraft:time_since_death":19798,"minecraft:total_world_time":19798,"minecraft:fall_one_cm":1463},"minecraft:dropped":{"epicpaladins:knight_chestplate":1,"epicpaladins:arclight_sword":1,"epicpaladins:cryorium_chestplate":1,"epicpaladins:arclight_template":2,"epicpaladins:arclight_helmet":1,"epicpaladins:knight_leggings":1,"epicpaladins:moonlight_helmet":1,"epicpaladins:knight_helmet":1,"weaponmaster:tutorialbook":1,"epicpaladins:arclight_chestplate":1,"epicpaladins:moonlight_boots":1,"epicpaladins:cryorium_battle_axe":1,"epicpaladins:knight_boots":1,"minecraft:elytra":1,"epicpaladins:moonlight_chestplate":2,"epicpaladins:cryorium_boots":1,"epicpaladins:assassin_chestplate":1},"minecraft:mined":{"minecraft:grass":2,"minecraft:tall_grass":1},"minecraft:crafted":{"epicpaladins:arclight_chestplate":1},"minecraft:picked_up":{"epicpaladins:moonlight_chestplate":1,"epicpaladins:cryorium_boots":1,"minecraft:sand":13,"minecraft:dirt":9,"minecraft:wheat_seeds":1},"minecraft:used":{"epicpaladins:sculk_chestplate":1,"epicpaladins:arclight_leggings":1,"epicpaladins:knight_boots":1,"epicpaladins:moonlight_chestplate":1,"epicpaladins:assassin_chestplate":2,"epicpaladins:arclight_helmet":1,"epicpaladins:knight_leggings":1,"epicpaladins:moonlight_helmet":1,"epicpaladins:assassin_helmet":1,"epicpaladins:cryorium_chestplate":1,"epicpaladins:cryorium_helmet":1,"epicpaladins:moonlight_leggings":1,"epicpaladins:cryorium_boots":1,"epicpaladins:cryorium_leggings":1,"epicpaladins:arclight_chestplate":2,"minecraft:smithing_table":1,"epicpaladins:knight_helmet":1,"epicpaladins:assassin_boots":1,"epicpaladins:knight_chestplate":1,"epicpaladins:angel_sword":3,"epicpaladins:arclight_boots":1,"epicpaladins:assassin_leggings":1,"epicpaladins:sculk_boots":1,"epicpaladins:moonlight_boots":1,"epicpaladins:sculk_helmet":1}},"DataVersion":3465}