{"stats":{"minecraft:custom":{"minecraft:time_since_rest":36301,"minecraft:sprint_one_cm":8317,"minecraft:walk_one_cm":14544,"minecraft:damage_taken":160,"minecraft:interact_with_anvil":4,"minecraft:mob_kills":1,"minecraft:drop":5,"minecraft:damage_dealt":80,"minecraft:damage_dealt_absorbed":5,"minecraft:fly_one_cm":738732,"minecraft:open_barrel":2,"minecraft:crouch_one_cm":150,"minecraft:play_time":36301,"minecraft:sneak_time":1752,"minecraft:walk_under_water_one_cm":299,"minecraft:jump":59,"minecraft:damage_dealt_resisted":3,"minecraft:leave_game":4,"minecraft:time_since_death":36301,"minecraft:walk_on_water_one_cm":571,"minecraft:total_world_time":36301,"minecraft:fall_one_cm":2202},"minecraft:used":{"endrem:corrupted_eye":1,"endrem:rogue_eye":1,"endrem:cryptic_eye":1,"minecraft:netherite_sword":46,"minecraft:flint_and_steel":2,"endrem:guardian_eye":1,"endrem:cold_eye":1,"minecraft:ender_pearl":2,"endrem:lost_eye":1,"endrem:exotic_eye":1,"endrem:magical_eye":1,"minecraft:anvil":1,"endrem:black_eye":1,"endrem:evil_eye":1,"minecraft:end_portal_frame":17,"endrem:old_eye":1,"endrem:nether_eye":1,"minecraft:obsidian":33},"minecraft:picked_up":{"minecraft:enchanted_book":1,"minecraft:flint_and_steel":1,"minecraft:ender_eye":1,"minecraft:obsidian":1},"minecraft:dropped":{"minecraft:enchanted_book":1,"minecraft:obsidian":1,"minecraft:ender_eye":1,"minecraft:flint_and_steel":2},"minecraft:killed":{"minecraft:ender_dragon":1}},"DataVersion":3465}