{"stats":{"minecraft:custom":{"minecraft:mob_kills":4,"minecraft:leave_game":2,"minecraft:time_since_death":14523,"minecraft:time_since_rest":14603,"minecraft:sprint_one_cm":23818,"minecraft:open_enderchest":24,"minecraft:damage_taken":755,"minecraft:walk_one_cm":28988,"minecraft:drop":88,"minecraft:damage_dealt":436,"minecraft:swim_one_cm":38564,"minecraft:fly_one_cm":276048,"minecraft:open_chest":3,"minecraft:crouch_one_cm":102,"minecraft:play_time":47449,"minecraft:deaths":2,"minecraft:sneak_time":1560,"minecraft:walk_under_water_one_cm":178296,"minecraft:jump":144,"minecraft:walk_on_water_one_cm":21760,"minecraft:total_world_time":47449,"minecraft:fall_one_cm":9024,"minecraft:horse_one_cm":607},"minecraft:killed":{"minecraft:zombie_villager":1,"minecraft:skeleton":1,"minecraft:zombie":1,"majruszsdifficulty:giant":1},"minecraft:used":{"minecraft:trident":10,"minecraft:diamond_boots":1,"majruszsdifficulty:giant_spawn_egg":2,"minecraft:ender_chest":1,"majruszsdifficulty:tank_spawn_egg":1,"minecraft:leather_boots":1,"minecraft:netherite_helmet":1,"minecraft:crossbow":11,"minecraft:diamond_helmet":1,"majruszsdifficulty:recall_potion":3,"minecraft:cod":6,"minecraft:lingering_potion":2,"majruszsdifficulty:ender_dragon_treasure_bag":16,"majruszsdifficulty:cerberus_spawn_egg":1,"majruszsdifficulty:elder_guardian_treasure_bag":16,"majruszsdifficulty:undead_army_treasure_bag":16,"majruszsdifficulty:angler_treasure_bag":16,"majruszsdifficulty:pillager_treasure_bag":16,"majruszsdifficulty:creeperling_spawn_egg":2,"majruszsdifficulty:cursed_armor_spawn_egg":1,"minecraft:golden_leggings":1,"minecraft:diamond_chestplate":2,"minecraft:wooden_sword":6,"minecraft:bow":28,"minecraft:potion":1,"majruszsdifficulty:warden_treasure_bag":16,"majruszsdifficulty:illusioner_spawn_egg":1,"minecraft:diamond_leggings":1},"minecraft:killed_by":{"majruszsdifficulty:creeperling":1},"minecraft:mined":{"minecraft:grass":1},"minecraft:dropped":{"minecraft:enchanted_book":14,"majruszsdifficulty:cloth":150,"majruszsdifficulty:recall_potion":46,"minecraft:ender_pearl":74,"minecraft:experience_bottle":139,"minecraft:crossbow":6,"minecraft:rotten_flesh":59,"majruszsdifficulty:ender_pouch":2,"majruszsdifficulty:soul_jar":12,"minecraft:totem_of_undying":2,"minecraft:dragon_breath":138,"minecraft:cod":58,"minecraft:emerald":77,"majruszsdifficulty:bandage":107,"majruszsdifficulty:evoker_fang_scroll":1,"majruszsdifficulty:golden_bandage":16,"minecraft:iron_axe":3,"minecraft:arrow":138,"majruszsdifficulty:enderium_shard_locator":14,"minecraft:end_crystal":18,"minecraft:bone":168},"minecraft:picked_up":{"minecraft:wooden_axe":1,"majruszsdifficulty:cloth":29,"minecraft:enchanted_book":6,"minecraft:iron_axe":1,"minecraft:wooden_sword":1,"minecraft:leather_boots":1,"minecraft:bone":40,"minecraft:kelp":1,"minecraft:bow":1,"minecraft:diamond_leggings":1,"minecraft:trident":1,"majruszsdifficulty:bandage":26,"minecraft:diamond_chestplate":1,"minecraft:arrow":65,"minecraft:rotten_flesh":1,"minecraft:netherite_helmet":1,"minecraft:diamond_boots":1,"majruszsdifficulty:soul_jar":4,"minecraft:crossbow":3,"minecraft:emerald":13,"majruszsdifficulty:creeperling_spawn_egg":1}},"DataVersion":3465}