{"stats":{"minecraft:picked_up":{"weaponmaster:tutorialbook":1,"minecraft:dirt":15},"minecraft:used":{"mythicmounts:griffon_spawn_egg":1,"mythicmounts:firebird_spawn_egg":1,"mythicmounts:netherbat_spawn_egg":1,"mythicmounts:direwolf_spawn_egg":1,"mythicmounts:moth_spawn_egg":1,"mythicmounts:colelytra_spawn_egg":1,"mythicmounts:acencia_spawn_egg":1,"mythicmounts:courierbird_spawn_egg":1,"mythicmounts:geckotoalizard_spawn_egg":2,"mythicmounts:ridinglizard_spawn_egg":1,"mythicmounts:nightmare_spawn_egg":1,"mythicmounts:archelon_spawn_egg":1,"mythicmounts:dragon_spawn_egg":1,"mythicmounts:nudibranch_spawn_egg":1},"minecraft:dropped":{"mythicmounts:courierbird_spawn_egg":1,"mythicmounts:netherbat_spawn_egg":1,"mythicmounts:nightmare_spawn_egg":1,"minecraft:saddle":1,"mythicmounts:moth_spawn_egg":1,"mythicmounts:griffon_spawn_egg":1,"weaponmaster:tutorialbook":2,"mythicmounts:ridinglizard_spawn_egg":1,"mythicmounts:nudibranch_spawn_egg":1},"minecraft:custom":{"minecraft:time_since_rest":5568,"minecraft:open_chest":1,"minecraft:play_time":20699,"minecraft:sprint_one_cm":13584,"minecraft:deaths":1,"minecraft:damage_taken":250,"minecraft:walk_one_cm":24773,"minecraft:sneak_time":273,"minecraft:drop":10,"minecraft:jump":107,"minecraft:damage_dealt":10,"minecraft:leave_game":1,"minecraft:time_since_death":5510,"minecraft:total_world_time":20699,"minecraft:fall_one_cm":3572,"minecraft:fly_one_cm":90970,"minecraft:horse_one_cm":90123}},"DataVersion":3465}