{"stats":{"minecraft:used":{"endrem:corrupted_eye":1,"endrem:rogue_eye":1,"endrem:cryptic_eye":1,"minecraft:netherite_sword":93,"minecraft:diamond_boots":1,"minecraft:flint_and_steel":2,"endrem:guardian_eye":1,"endrem:cold_eye":1,"minecraft:ender_pearl":2,"minecraft:zombie_spawn_egg":23,"minecraft:diamond_chestplate":1,"endrem:lost_eye":1,"minecraft:golden_apple":1,"endrem:exotic_eye":1,"endrem:magical_eye":1,"minecraft:anvil":1,"endrem:black_eye":1,"endrem:evil_eye":1,"minecraft:diamond_helmet":1,"minecraft:end_portal_frame":17,"endrem:old_eye":1,"minecraft:diamond_leggings":1,"endrem:nether_eye":1,"minecraft:obsidian":33},"minecraft:killed":{"minecraft:skeleton":5,"minecraft:zombie":11,"minecraft:pig":1,"minecraft:spider":1,"minecraft:drowned":2,"minecraft:ender_dragon":1,"minecraft:creeper":2},"minecraft:picked_up":{"minecraft:end_stone":2,"minecraft:anvil":2,"minecraft:end_portal_frame":2,"minecraft:enchanted_book":1,"minecraft:porkchop":3,"minecraft:chainmail_chestplate":1,"minecraft:shield":1,"minecraft:gunpowder":4,"minecraft:flint_and_steel":3,"minecraft:zombie_spawn_egg":2,"minecraft:bone":7,"minecraft:arrow":4,"minecraft:rotten_flesh":10,"minecraft:netherite_sword":4,"minecraft:ender_eye":3,"minecraft:obsidian":3,"minecraft:ender_pearl":32},"minecraft:killed_by":{"minecraft:zombie":2},"minecraft:custom":{"minecraft:time_since_rest":8832,"minecraft:damage_absorbed":41,"minecraft:sprint_one_cm":48072,"minecraft:walk_one_cm":45750,"minecraft:damage_taken":810,"minecraft:mob_kills":23,"minecraft:interact_with_anvil":4,"minecraft:drop":5,"minecraft:damage_dealt":4727,"minecraft:damage_dealt_absorbed":5,"minecraft:swim_one_cm":3284,"minecraft:fly_one_cm":941375,"minecraft:open_barrel":3,"minecraft:crouch_one_cm":153,"minecraft:play_time":53858,"minecraft:deaths":2,"minecraft:sneak_time":2144,"minecraft:walk_under_water_one_cm":8926,"minecraft:jump":218,"minecraft:damage_dealt_resisted":3,"minecraft:time_since_death":8781,"minecraft:leave_game":4,"minecraft:walk_on_water_one_cm":14901,"minecraft:climb_one_cm":1631,"minecraft:total_world_time":53858,"minecraft:fall_one_cm":4281},"minecraft:dropped":{"minecraft:enchanted_book":1,"minecraft:obsidian":1,"minecraft:ender_eye":1,"minecraft:flint_and_steel":2}},"DataVersion":3465}