{"stats":{"minecraft:custom":{"minecraft:mob_kills":13,"minecraft:interact_with_stonecutter":1,"minecraft:leave_game":2,"minecraft:time_since_death":38523,"minecraft:climb_one_cm":174,"minecraft:time_since_rest":38603,"minecraft:sprint_one_cm":42073,"minecraft:open_enderchest":24,"minecraft:damage_taken":982,"minecraft:walk_one_cm":54859,"minecraft:drop":124,"minecraft:damage_dealt":1215,"minecraft:swim_one_cm":52983,"minecraft:fly_one_cm":298135,"minecraft:open_chest":3,"minecraft:crouch_one_cm":111,"minecraft:play_time":71449,"minecraft:deaths":2,"minecraft:sneak_time":1949,"minecraft:walk_under_water_one_cm":180697,"minecraft:jump":240,"minecraft:walk_on_water_one_cm":24565,"minecraft:total_world_time":71449,"minecraft:fall_one_cm":12182,"minecraft:horse_one_cm":607},"minecraft:killed":{"minecraft:husk":1,"minecraft:zombie_villager":1,"minecraft:skeleton":1,"minecraft:zombie":5,"minecraft:drowned":1,"majruszsdifficulty:giant":1},"minecraft:used":{"minecraft:trident":10,"minecraft:diamond_boots":1,"majruszsdifficulty:giant_spawn_egg":2,"minecraft:ender_chest":1,"majruszsdifficulty:enderium_leggings":1,"minecraft:stonecutter":1,"majruszsdifficulty:tank_spawn_egg":1,"minecraft:leather_boots":1,"majruszsdifficulty:enderium_chestplate":1,"minecraft:torch":1,"majruszsdifficulty:enderium_boots":1,"minecraft:netherite_helmet":1,"minecraft:crossbow":11,"minecraft:diamond_helmet":1,"majruszsdifficulty:recall_potion":3,"majruszsdifficulty:golden_bandage":6,"minecraft:cod":6,"minecraft:lingering_potion":2,"majruszsdifficulty:ender_dragon_treasure_bag":16,"majruszsdifficulty:enderium_helmet":4,"majruszsdifficulty:cerberus_spawn_egg":1,"majruszsdifficulty:elder_guardian_treasure_bag":16,"majruszsdifficulty:wither_treasure_bag":16,"majruszsdifficulty:undead_army_treasure_bag":16,"majruszsdifficulty:angler_treasure_bag":16,"majruszsdifficulty:wither_sword":17,"majruszsdifficulty:pillager_treasure_bag":16,"majruszsdifficulty:creeperling_spawn_egg":2,"majruszsdifficulty:cursed_armor_spawn_egg":1,"minecraft:golden_leggings":1,"spelunkers_charm:candle_helmet":4,"minecraft:diamond_chestplate":2,"minecraft:wooden_sword":6,"minecraft:bow":28,"minecraft:potion":1,"majruszsdifficulty:undead_battle_standard":1,"majruszsdifficulty:warden_treasure_bag":16,"spelunkers_charm:geode":1,"spelunkers_charm:mining_helmet":2,"majruszsdifficulty:illusioner_spawn_egg":1,"minecraft:diamond_leggings":1},"minecraft:killed_by":{"majruszsdifficulty:creeperling":1},"minecraft:mined":{"minecraft:grass":1},"minecraft:dropped":{"minecraft:enchanted_book":14,"majruszsdifficulty:cloth":157,"spelunkers_charm:mining_helmet":1,"majruszsdifficulty:recall_potion":46,"majruszsdifficulty:infernal_sponge":31,"minecraft:nether_wart":35,"minecraft:blaze_rod":25,"minecraft:ender_pearl":74,"minecraft:experience_bottle":187,"minecraft:crossbow":6,"majruszsdifficulty:wither_sword":1,"majruszsdifficulty:sonic_boom_scroll":15,"minecraft:sculk_sensor":11,"minecraft:rotten_flesh":59,"majruszsdifficulty:ender_pouch":2,"majruszsdifficulty:soul_jar":15,"majruszsdifficulty:enderium_helmet":1,"minecraft:totem_of_undying":2,"minecraft:recovery_compass":5,"minecraft:dragon_breath":138,"minecraft:cod":58,"minecraft:echo_shard":18,"majruszsdifficulty:undead_battle_standard":1,"minecraft:emerald":77,"minecraft:sculk_catalyst":3,"majruszsdifficulty:bandage":107,"majruszsdifficulty:evoker_fang_scroll":1,"majruszsdifficulty:golden_bandage":16,"minecraft:stonecutter":2,"minecraft:wither_rose":136,"minecraft:iron_axe":3,"minecraft:arrow":138,"majruszsdifficulty:enderium_shard_locator":14,"minecraft:end_crystal":18,"minecraft:bone":168},"minecraft:picked_up":{"minecraft:wooden_axe":1,"majruszsdifficulty:cloth":29,"minecraft:wither_rose":72,"minecraft:enchanted_book":6,"minecraft:iron_axe":1,"minecraft:wooden_sword":1,"minecraft:leather_boots":1,"minecraft:experience_bottle":48,"minecraft:bone":40,"minecraft:stonecutter":2,"minecraft:kelp":1,"minecraft:bow":1,"minecraft:diamond_leggings":1,"minecraft:echo_shard":18,"minecraft:sculk_catalyst":3,"majruszsdifficulty:enderium_helmet":1,"minecraft:recovery_compass":5,"spelunkers_charm:mining_helmet":1,"majruszsdifficulty:sonic_boom_scroll":7,"minecraft:trident":1,"majruszsdifficulty:bandage":26,"minecraft:diamond_chestplate":1,"minecraft:arrow":65,"minecraft:rotten_flesh":5,"minecraft:netherite_helmet":1,"minecraft:diamond_boots":1,"majruszsdifficulty:soul_jar":7,"minecraft:crossbow":3,"minecraft:emerald":13,"majruszsdifficulty:infernal_sponge":31,"minecraft:blaze_rod":25,"majruszsdifficulty:creeperling_spawn_egg":1}},"DataVersion":3465}