{"stats":{"minecraft:custom":{"minecraft:jump":12,"minecraft:time_since_rest":26126,"minecraft:crouch_one_cm":89,"minecraft:sprint_one_cm":9,"minecraft:leave_game":2,"minecraft:play_time":26126,"minecraft:time_since_death":26126,"minecraft:walk_on_water_one_cm":11724,"minecraft:walk_one_cm":2440,"minecraft:sneak_time":3237,"minecraft:total_world_time":26126,"minecraft:walk_under_water_one_cm":23910,"minecraft:fly_one_cm":797010},"minecraft:used":{"minecraft:flint_and_steel":1,"minecraft:obsidian":20}},"DataVersion":3465}