{"stats":{"minecraft:mined":{"minecraft:grass":1},"minecraft:custom":{"minecraft:time_since_rest":24231,"minecraft:open_chest":3,"minecraft:play_time":29613,"minecraft:sprint_one_cm":13815,"minecraft:deaths":1,"minecraft:damage_taken":495,"minecraft:walk_one_cm":16074,"minecraft:sneak_time":1454,"minecraft:walk_under_water_one_cm":167959,"minecraft:mob_kills":1,"minecraft:drop":10,"minecraft:jump":74,"minecraft:damage_dealt":228,"minecraft:leave_game":2,"minecraft:walk_on_water_one_cm":14360,"minecraft:time_since_death":24137,"minecraft:total_world_time":29613,"minecraft:swim_one_cm":37620,"minecraft:fall_one_cm":6474,"minecraft:fly_one_cm":252554,"minecraft:horse_one_cm":607},"minecraft:used":{"minecraft:golden_leggings":1,"minecraft:diamond_chestplate":1,"minecraft:bow":9,"minecraft:potion":1,"minecraft:crossbow":1,"minecraft:netherite_helmet":1,"minecraft:diamond_helmet":1,"minecraft:lingering_potion":2,"minecraft:leather_boots":1},"minecraft:picked_up":{"minecraft:arrow":9,"minecraft:rotten_flesh":1,"minecraft:crossbow":1},"minecraft:killed":{"minecraft:zombie_villager":1},"minecraft:dropped":{"minecraft:arrow":9,"minecraft:crossbow":1}},"DataVersion":3465}