{"stats":{"minecraft:used":{"minecraft:potion":1},"minecraft:custom":{"minecraft:jump":45,"minecraft:open_chest":3,"minecraft:time_since_rest":11807,"minecraft:damage_dealt":218,"minecraft:deaths":1,"minecraft:damage_taken":435,"minecraft:sprint_one_cm":7975,"minecraft:play_time":17189,"minecraft:walk_on_water_one_cm":10964,"minecraft:time_since_death":11713,"minecraft:walk_one_cm":9154,"minecraft:sneak_time":1014,"minecraft:total_world_time":17189,"minecraft:walk_under_water_one_cm":124961,"minecraft:mob_kills":1,"minecraft:swim_one_cm":13645,"minecraft:fall_one_cm":6265,"minecraft:fly_one_cm":120285,"minecraft:horse_one_cm":607},"minecraft:picked_up":{"minecraft:rotten_flesh":1},"minecraft:killed":{"minecraft:zombie_villager":1},"minecraft:mined":{"minecraft:grass":1}},"DataVersion":3465}