{"stats":{"minecraft:crafted":{"minecraft:oak_planks":4,"minecraft:stone_shovel":1,"minecraft:melon":1,"minecraft:iron_axe":1,"minecraft:stone_pickaxe":1,"minecraft:wheat":144,"minecraft:oak_slab":6,"minecraft:cooked_porkchop":3,"minecraft:crafting_table":2,"minecraft:iron_sword":1,"minecraft:stone_axe":1,"minecraft:bread":48,"minecraft:air":0,"minecraft:iron_chestplate":1,"minecraft:stick":12,"minecraft:iron_ingot":5,"minecraft:iron_pickaxe":1,"minecraft:stone_sword":1,"minecraft:light_blue_bed":1,"minecraft:iron_leggings":1,"minecraft:white_bed":1,"minecraft:torch":8},"minecraft:used":{"minecraft:stone_shovel":77,"minecraft:poppy":1,"minecraft:black_carpet":1,"minecraft:chest":1,"minecraft:shield":19,"minecraft:iron_sword":79,"minecraft:torch":8,"minecraft:iron_axe":27,"minecraft:birch_sapling":1,"minecraft:light_blue_bed":2,"minecraft:red_carpet":10,"minecraft:sweet_berries":4,"minecraft:egg":2,"minecraft:iron_leggings":1,"minecraft:stone_pickaxe":81,"minecraft:oak_planks":2,"minecraft:oak_slab":4,"minecraft:crafting_table":3,"minecraft:white_bed":1,"minecraft:apple":16,"minecraft:dark_oak_log":1,"minecraft:bread":30,"minecraft:iron_pickaxe":4,"minecraft:stone_axe":3,"minecraft:cobblestone":62,"minecraft:coarse_dirt":5,"minecraft:dandelion":1},"minecraft:picked_up":{"minecraft:crafting_table":1,"minecraft:iron_chestplate":1,"minecraft:coarse_dirt":5,"minecraft:wheat":10,"minecraft:black_carpet":1,"minecraft:suspicious_stew":1,"minecraft:chain":4,"minecraft:shield":1,"minecraft:brick":8,"minecraft:string":3,"minecraft:raw_copper":14,"minecraft:iron_axe":1,"minecraft:cooked_salmon":1,"minecraft:iron_leggings":1,"minecraft:beetroot":2,"minecraft:detector_rail":3,"minecraft:poppy":1,"minecraft:iron_pickaxe":1,"minecraft:light_gray_wool":1,"minecraft:melon_slice":7,"minecraft:sugar_cane":1,"minecraft:chest":2,"minecraft:birch_sapling":24,"minecraft:egg":2,"minecraft:dark_oak_sapling":2,"minecraft:stick":17,"minecraft:raw_iron":2,"minecraft:torch":6,"minecraft:acacia_log":53,"minecraft:dried_kelp":5,"minecraft:cookie":1,"minecraft:light_blue_bed":1,"minecraft:arrow":5,"minecraft:rotten_flesh":14,"minecraft:stone_shovel":1,"minecraft:light_blue_wool":3,"minecraft:decorated_pot":1,"minecraft:hay_block":64,"minecraft:mutton":6,"minecraft:cobblestone":42,"minecraft:rail":9,"minecraft:cod":7,"minecraft:white_wool":5,"minecraft:feather":1,"minecraft:black_bed":1,"minecraft:leather":1,"minecraft:potato":40,"minecraft:oak_log":21,"minecraft:dirt":71,"minecraft:lantern":2,"minecraft:red_carpet":10,"minecraft:bone":2,"minecraft:acacia_planks":2,"bountiful:bounty":1,"minecraft:apple":23,"minecraft:wheat_seeds":12,"minecraft:stone_pickaxe":1,"minecraft:cooked_chicken":2,"minecraft:iron_sword":1,"minecraft:oak_planks":48,"minecraft:acacia_sapling":12,"minecraft:book":12,"minecraft:sweet_berries":7,"minecraft:dandelion":1,"minecraft:white_bed":2,"minecraft:dark_oak_log":2,"minecraft:spider_eye":3,"minecraft:barrel":2,"minecraft:snort_pottery_sherd":1,"minecraft:chainmail_leggings":2,"minecraft:emerald":8,"minecraft:bread":20,"minecraft:oak_sapling":22,"minecraft:coal":65},"minecraft:killed_by":{"mythicmounts:dragon":1},"minecraft:killed":{"minecraft:spider":5,"minecraft:skeleton":2,"minecraft:zombie_villager":1,"minecraft:zombie":7},"minecraft:dropped":{"minecraft:wheat_seeds":8,"minecraft:dark_oak_sapling":2,"minecraft:rail":9,"minecraft:coal":25,"minecraft:cooked_salmon":1,"minecraft:chainmail_leggings":1,"minecraft:string":2,"minecraft:detector_rail":3,"minecraft:birch_sapling":23,"minecraft:wheat":4,"minecraft:rotten_flesh":14,"minecraft:potato":5,"minecraft:spider_eye":2},"minecraft:custom":{"minecraft:mob_kills":15,"minecraft:interact_with_crafting_table":11,"minecraft:open_barrel":50,"minecraft:leave_game":5,"minecraft:time_since_death":51588,"minecraft:climb_one_cm":2628,"minecraft:sprint_one_cm":446840,"minecraft:walk_one_cm":335647,"minecraft:damage_blocked_by_shield":375,"minecraft:drop":28,"minecraft:play_time":150121,"minecraft:sneak_time":6623,"minecraft:deaths":1,"minecraft:walk_under_water_one_cm":6081,"minecraft:jump":2018,"minecraft:walk_on_water_one_cm":4885,"minecraft:total_world_time":150121,"minecraft:interact_with_furnace":11,"minecraft:sleep_in_bed":10,"minecraft:time_since_rest":32251,"minecraft:damage_taken":1560,"minecraft:damage_dealt":3053,"minecraft:fly_one_cm":545592,"minecraft:swim_one_cm":27129,"minecraft:open_chest":41,"minecraft:crouch_one_cm":22105,"minecraft:fall_one_cm":52086,"minecraft:horse_one_cm":16526},"minecraft:mined":{"minecraft:red_carpet":10,"minecraft:white_bed":2,"minecraft:light_blue_wool":3,"minecraft:dark_oak_leaves":4,"minecraft:grass_block":59,"minecraft:decorated_pot":2,"minecraft:large_fern":2,"minecraft:hay_block":33,"minecraft:iron_ore":1,"minecraft:barrel":2,"minecraft:black_carpet":1,"minecraft:bookshelf":4,"minecraft:vine":1,"minecraft:deepslate_iron_ore":1,"minecraft:stone":38,"minecraft:dandelion":1,"minecraft:crafting_table":1,"minecraft:torch":4,"minecraft:chest":1,"minecraft:cobblestone":9,"minecraft:tall_grass":12,"minecraft:wall_torch":2,"minecraft:chain":4,"minecraft:coarse_dirt":5,"minecraft:light_blue_bed":1,"minecraft:birch_leaves":2,"minecraft:black_bed":1,"minecraft:grass":31,"minecraft:oak_log":20,"minecraft:coal_ore":29,"minecraft:dirt":7,"minecraft:red_mushroom_block":1,"minecraft:oak_leaves":6,"minecraft:fern":5}},"DataVersion":3465}