{"stats":{"minecraft:crafted":{"minecraft:oak_planks":92,"minecraft:stone_shovel":1,"minecraft:melon":1,"minecraft:oak_hanging_sign":6,"minecraft:bookshelf":14,"minecraft:iron_axe":1,"minecraft:stone_pickaxe":1,"minecraft:wheat":144,"minecraft:oak_slab":6,"minecraft:cooked_porkchop":3,"minecraft:crafting_table":2,"minecraft:enchanting_table":1,"minecraft:iron_sword":1,"minecraft:stone_axe":1,"minecraft:bread":48,"minecraft:air":0,"minecraft:iron_chestplate":1,"minecraft:stick":16,"minecraft:iron_ingot":5,"minecraft:iron_pickaxe":1,"minecraft:stone_sword":1,"minecraft:light_blue_bed":1,"minecraft:iron_leggings":1,"minecraft:white_bed":1,"minecraft:torch":8},"minecraft:used":{"minecraft:stone_shovel":77,"minecraft:poppy":3,"minecraft:black_carpet":1,"minecraft:chest":6,"minecraft:shield":30,"minecraft:iron_sword":103,"minecraft:torch":8,"minecraft:allium":1,"minecraft:iron_axe":103,"minecraft:birch_sapling":1,"minecraft:light_blue_bed":4,"minecraft:red_carpet":10,"minecraft:basalt":1,"minecraft:sweet_berries":4,"minecraft:egg":2,"minecraft:cobbled_deepslate":3,"minecraft:iron_leggings":1,"minecraft:damaged_anvil":2,"minecraft:iron_ore":1,"minecraft:stone_pickaxe":81,"minecraft:oak_planks":11,"minecraft:oak_slab":5,"minecraft:crafting_table":5,"minecraft:blast_furnace":2,"minecraft:white_bed":1,"minecraft:black_bed":4,"minecraft:smoker":1,"minecraft:oak_log":6,"minecraft:apple":16,"minecraft:dark_oak_log":1,"minecraft:sunflower":1,"minecraft:bread":43,"minecraft:iron_pickaxe":29,"minecraft:stone_axe":3,"minecraft:cobblestone":63,"minecraft:chainmail_boots":1,"minecraft:grindstone":1,"minecraft:smithing_table":2,"minecraft:coarse_dirt":5,"minecraft:dandelion":1,"minecraft:oak_hanging_sign":1},"minecraft:picked_up":{"minecraft:crafting_table":2,"minecraft:iron_chestplate":1,"minecraft:coarse_dirt":5,"minecraft:black_carpet":3,"minecraft:wheat":10,"minecraft:chainmail_boots":1,"minecraft:flower_pot":4,"minecraft:suspicious_stew":1,"minecraft:smithing_table":2,"minecraft:chain":14,"minecraft:shield":1,"minecraft:brick":12,"minecraft:oak_trapdoor":4,"minecraft:string":3,"minecraft:dark_oak_trapdoor":6,"minecraft:raw_copper":14,"minecraft:iron_axe":1,"minecraft:cooked_salmon":1,"minecraft:iron_leggings":2,"minecraft:beetroot":2,"minecraft:cracked_stone_bricks":1,"minecraft:cartography_table":2,"minecraft:detector_rail":3,"minecraft:cobbled_deepslate":10,"minecraft:poppy":3,"minecraft:iron_pickaxe":1,"minecraft:light_gray_wool":1,"minecraft:melon_slice":7,"minecraft:sugar_cane":1,"minecraft:chest":6,"minecraft:birch_sapling":24,"minecraft:egg":2,"minecraft:dark_oak_sapling":2,"minecraft:stick":17,"minecraft:raw_iron":3,"minecraft:torch":7,"minecraft:acacia_log":53,"minecraft:spruce_stairs":8,"minecraft:dried_kelp":5,"minecraft:cookie":1,"minecraft:vine":1,"minecraft:light_blue_bed":3,"minecraft:andesite_wall":4,"minecraft:arrow":5,"minecraft:rotten_flesh":14,"minecraft:stone_shovel":1,"minecraft:light_blue_wool":3,"minecraft:decorated_pot":1,"minecraft:hay_block":64,"minecraft:mutton":6,"minecraft:cod":7,"minecraft:white_wool":5,"minecraft:rail":9,"minecraft:cobblestone":42,"minecraft:stripped_oak_log":6,"minecraft:feather":1,"minecraft:basalt":1,"minecraft:black_bed":4,"minecraft:leather":1,"minecraft:smoker":4,"minecraft:potato":52,"minecraft:crimson_fungus":2,"minecraft:oak_log":29,"minecraft:dirt":71,"minecraft:lantern":4,"minecraft:leather_boots":1,"minecraft:red_carpet":18,"minecraft:bone":2,"minecraft:acacia_planks":2,"bountiful:bounty":1,"minecraft:apple":23,"minecraft:stone_bricks":2,"minecraft:wheat_seeds":17,"minecraft:rabbit_hide":2,"minecraft:grindstone":1,"minecraft:stone_pickaxe":1,"minecraft:cooked_chicken":2,"minecraft:flowering_azalea":2,"minecraft:iron_sword":1,"minecraft:oak_planks":57,"minecraft:acacia_sapling":12,"minecraft:dark_oak_stairs":4,"minecraft:book":39,"minecraft:scaffolding":6,"minecraft:oak_slab":1,"minecraft:dark_oak_slab":6,"minecraft:sweet_berries":7,"minecraft:dandelion":1,"minecraft:amethyst_shard":8,"minecraft:melon":6,"minecraft:blast_furnace":2,"minecraft:white_bed":2,"minecraft:dark_oak_log":2,"minecraft:spider_eye":3,"minecraft:barrel":2,"minecraft:snort_pottery_sherd":1,"minecraft:chainmail_leggings":2,"minecraft:emerald":8,"minecraft:bread":20,"minecraft:oak_sapling":23,"minecraft:damaged_anvil":2,"minecraft:coal":65,"minecraft:oak_leaves":6,"minecraft:sunflower":1},"minecraft:killed_by":{"mythicmounts:dragon":1},"minecraft:killed":{"minecraft:spider":5,"minecraft:skeleton":2,"minecraft:zombie_villager":1,"minecraft:pillager":5,"minecraft:zombie":7},"minecraft:dropped":{"minecraft:vine":1,"minecraft:wheat_seeds":11,"bountiful:decree":1,"minecraft:dark_oak_sapling":2,"minecraft:oak_hanging_sign":3,"minecraft:rail":9,"minecraft:coal":25,"minecraft:emerald":4,"minecraft:torch":1,"minecraft:cooked_salmon":1,"minecraft:chain":2,"minecraft:chainmail_leggings":1,"minecraft:string":2,"minecraft:detector_rail":3,"minecraft:wheat":4,"minecraft:birch_sapling":23,"minecraft:rotten_flesh":14,"minecraft:potato":5,"minecraft:spider_eye":2,"minecraft:stone_pickaxe":1},"minecraft:custom":{"minecraft:mob_kills":21,"minecraft:interact_with_crafting_table":16,"minecraft:open_barrel":59,"minecraft:eat_cake_slice":1,"minecraft:leave_game":6,"minecraft:time_since_death":131370,"minecraft:climb_one_cm":6966,"minecraft:sprint_one_cm":683535,"minecraft:walk_one_cm":585251,"minecraft:damage_blocked_by_shield":705,"minecraft:drop":44,"minecraft:talked_to_villager":1,"minecraft:play_time":229903,"minecraft:deaths":1,"minecraft:sneak_time":8931,"minecraft:walk_under_water_one_cm":8816,"minecraft:jump":2646,"minecraft:walk_on_water_one_cm":16790,"minecraft:total_world_time":229903,"minecraft:interact_with_furnace":11,"minecraft:sleep_in_bed":15,"minecraft:time_since_rest":12854,"minecraft:damage_taken":1865,"minecraft:damage_dealt":4635,"minecraft:fly_one_cm":725871,"minecraft:swim_one_cm":40683,"minecraft:open_chest":138,"minecraft:crouch_one_cm":28436,"minecraft:interact_with_smoker":1,"minecraft:fall_one_cm":63944,"minecraft:horse_one_cm":16776},"minecraft:mined":{"minecraft:red_carpet":18,"minecraft:white_bed":2,"minecraft:light_blue_wool":3,"minecraft:dark_oak_leaves":4,"minecraft:potted_flowering_azalea_bush":1,"minecraft:potted_crimson_fungus":1,"minecraft:grass_block":59,"minecraft:decorated_pot":3,"minecraft:cartography_table":1,"minecraft:large_fern":2,"minecraft:hay_block":33,"minecraft:oak_trapdoor":2,"minecraft:dark_oak_trapdoor":3,"minecraft:iron_ore":2,"minecraft:barrel":2,"minecraft:black_carpet":3,"minecraft:peony":1,"minecraft:dark_oak_stairs":2,"minecraft:bookshelf":13,"minecraft:vine":1,"minecraft:deepslate_iron_ore":1,"minecraft:stripped_oak_log":6,"minecraft:stone":38,"minecraft:smithing_table":2,"minecraft:oak_slab":1,"minecraft:scaffolding":1,"minecraft:smoker":4,"minecraft:amethyst_cluster":1,"minecraft:basalt":1,"minecraft:dandelion":1,"minecraft:crafting_table":2,"minecraft:torch":4,"minecraft:blast_furnace":2,"minecraft:chest":5,"minecraft:andesite_wall":4,"minecraft:cobblestone":9,"minecraft:tall_grass":31,"minecraft:grindstone":1,"minecraft:oak_planks":9,"minecraft:damaged_anvil":2,"minecraft:wall_torch":3,"minecraft:spruce_stairs":5,"minecraft:seagrass":1,"minecraft:chain":10,"minecraft:coarse_dirt":5,"minecraft:dark_oak_slab":3,"minecraft:light_blue_bed":3,"minecraft:birch_leaves":2,"minecraft:orange_tulip":1,"minecraft:black_bed":4,"minecraft:grass":73,"minecraft:coal_ore":29,"minecraft:oak_log":28,"minecraft:sunflower":1,"minecraft:dirt":7,"minecraft:cracked_stone_bricks":1,"minecraft:stone_bricks":2,"minecraft:red_mushroom_block":1,"minecraft:oak_leaves":6,"minecraft:fern":5}},"DataVersion":3465}