{"stats":{"minecraft:crafted":{"minecraft:oak_planks":4,"minecraft:iron_chestplate":1,"minecraft:cooked_porkchop":3,"minecraft:iron_axe":1,"minecraft:stick":12,"minecraft:iron_ingot":5,"minecraft:stone_pickaxe":1,"minecraft:iron_pickaxe":1,"minecraft:stone_sword":1,"minecraft:iron_sword":1,"minecraft:iron_leggings":1,"minecraft:white_bed":1,"minecraft:air":0,"minecraft:torch":8,"minecraft:stone_axe":1},"minecraft:used":{"minecraft:bread":2,"minecraft:stone_pickaxe":32,"minecraft:stone_axe":2,"minecraft:torch":5,"minecraft:sweet_berries":4,"minecraft:white_bed":1},"minecraft:picked_up":{"minecraft:stick":3,"minecraft:wheat":6,"minecraft:feather":1,"minecraft:suspicious_stew":1,"minecraft:sweet_berries":7,"minecraft:leather":1,"minecraft:torch":3,"minecraft:acacia_log":53,"minecraft:potato":35,"minecraft:dried_kelp":5,"minecraft:oak_log":1,"minecraft:cookie":1,"minecraft:white_bed":1,"minecraft:brick":8,"minecraft:barrel":2,"minecraft:raw_copper":14,"minecraft:arrow":3,"minecraft:acacia_planks":2,"minecraft:apple":7,"minecraft:beetroot":2,"minecraft:wheat_seeds":1,"minecraft:oak_sapling":15,"minecraft:cooked_chicken":2,"minecraft:bread":15,"minecraft:emerald":8,"minecraft:light_gray_wool":1,"minecraft:melon_slice":7,"minecraft:cod":7,"minecraft:mutton":6,"minecraft:acacia_sapling":12,"minecraft:chest":1,"minecraft:oak_planks":47,"minecraft:coal":2,"minecraft:white_wool":5,"minecraft:cobblestone":30},"minecraft:custom":{"minecraft:time_since_rest":6289,"minecraft:interact_with_furnace":11,"minecraft:sprint_one_cm":45172,"minecraft:damage_taken":110,"minecraft:walk_one_cm":97566,"minecraft:interact_with_crafting_table":5,"minecraft:fly_one_cm":44946,"minecraft:open_barrel":35,"minecraft:open_chest":13,"minecraft:crouch_one_cm":1258,"minecraft:play_time":47038,"minecraft:sneak_time":408,"minecraft:jump":237,"minecraft:time_since_death":47038,"minecraft:leave_game":1,"minecraft:walk_on_water_one_cm":167,"minecraft:sleep_in_bed":2,"minecraft:total_world_time":47038,"minecraft:climb_one_cm":2628,"minecraft:fall_one_cm":5475},"minecraft:mined":{"minecraft:white_bed":1,"minecraft:barrel":2,"minecraft:torch":2,"minecraft:coal_ore":2,"minecraft:stone":30,"minecraft:wall_torch":1}},"DataVersion":3465}