{"stats":{"minecraft:broken":{"minecraft:chainmail_helmet":1},"minecraft:crafted":{"minecraft:oak_planks":152,"minecraft:melon":1,"minecraft:oak_pressure_plate":1,"minecraft:oak_hanging_sign":6,"minecraft:bookshelf":18,"minecraft:iron_boots":1,"sophisticatedbackpacks:copper_backpack":1,"minecraft:chest":1,"minecraft:oak_button":2,"minecraft:iron_door":3,"minecraft:copper_block":8,"minecraft:oak_fence":3,"minecraft:oak_slab":12,"sophisticatedbackpacks:backpack":1,"minecraft:emerald":2,"minecraft:cooked_porkchop":3,"minecraft:crafting_table":2,"minecraft:copper_ingot":72,"minecraft:iron_chestplate":4,"minecraft:paper":81,"minecraft:shield":1,"minecraft:stick":16,"minecraft:iron_ingot":13,"minecraft:iron_pickaxe":1,"minecraft:light_blue_bed":1,"minecraft:stone_sword":1,"minecraft:gold_ingot":9,"minecraft:shears":1,"minecraft:stone_shovel":1,"minecraft:iron_axe":1,"minecraft:stone_pickaxe":1,"minecraft:wheat":144,"sophisticatedbackpacks:iron_backpack":1,"minecraft:enchanting_table":1,"minecraft:iron_sword":2,"sophisticatedbackpacks:gold_backpack":1,"minecraft:stone_axe":1,"minecraft:bread":48,"minecraft:air":0,"bountiful:bountyboard":1,"minecraft:iron_leggings":2,"minecraft:white_bed":1,"minecraft:torch":8},"minecraft:used":{"minecraft:iron_shovel":25,"minecraft:poppy":3,"minecraft:black_carpet":1,"minecraft:chest":6,"minecraft:shield":30,"minecraft:iron_sword":124,"minecraft:iron_chestplate":5,"minecraft:allium":1,"minecraft:milk_bucket":1,"minecraft:birch_sapling":1,"minecraft:light_blue_bed":4,"minecraft:red_carpet":10,"minecraft:sweet_berries":4,"minecraft:scaffolding":9,"minecraft:egg":4,"minecraft:damaged_anvil":2,"minecraft:diamond_boots":2,"minecraft:stone_pickaxe":81,"minecraft:oak_planks":11,"minecraft:leather_chestplate":2,"minecraft:sugar_cane":6,"minecraft:oak_leaves":9,"minecraft:white_wool":2,"minecraft:blast_furnace":2,"minecraft:black_bed":5,"minecraft:shears":9,"minecraft:dark_oak_log":1,"minecraft:bread":69,"minecraft:lectern":51,"minecraft:oak_pressure_plate":1,"minecraft:iron_door":1,"minecraft:gravel":27,"minecraft:chainmail_boots":1,"minecraft:grindstone":1,"minecraft:smithing_table":2,"minecraft:coarse_dirt":5,"minecraft:oak_hanging_sign":1,"minecraft:oak_fence":1,"minecraft:enchanting_table":1,"minecraft:stone_shovel":93,"minecraft:torch":8,"minecraft:dirt":10,"minecraft:bookshelf":18,"minecraft:iron_axe":223,"minecraft:iron_boots":1,"minecraft:barrel":2,"minecraft:basalt":5,"minecraft:cobbled_deepslate":17,"minecraft:iron_leggings":1,"sophisticatedbackpacks:gold_backpack":2,"minecraft:water_bucket":1,"minecraft:iron_ore":1,"minecraft:crafting_table":5,"minecraft:oak_slab":11,"minecraft:white_bed":1,"minecraft:cake":1,"minecraft:smoker":1,"minecraft:oak_log":6,"minecraft:apple":16,"minecraft:sunflower":1,"minecraft:oak_button":2,"minecraft:iron_pickaxe":52,"minecraft:stone_axe":3,"bountiful:bountyboard":1,"minecraft:cobblestone":66,"minecraft:bucket":2,"minecraft:purple_carpet":3,"minecraft:dandelion":1},"minecraft:picked_up":{"minecraft:iron_chestplate":2,"minecraft:wheat":10,"minecraft:black_carpet":3,"minecraft:chainmail_boots":1,"minecraft:flower_pot":5,"minecraft:suspicious_stew":1,"minecraft:smithing_table":2,"minecraft:lead":1,"minecraft:dark_oak_trapdoor":6,"minecraft:string":4,"minecraft:raw_copper":14,"minecraft:cooked_salmon":1,"minecraft:iron_leggings":3,"minecraft:beetroot":2,"minecraft:cobbled_deepslate":24,"minecraft:iron_pickaxe":2,"minecraft:melon_slice":7,"minecraft:iron_boots":1,"minecraft:stick":17,"minecraft:acacia_log":53,"minecraft:torch":47,"minecraft:spruce_stairs":15,"minecraft:porkchop":3,"minecraft:dried_kelp":5,"minecraft:target":2,"minecraft:vine":1,"minecraft:andesite_wall":4,"minecraft:rotten_flesh":23,"minecraft:stone_sword":2,"minecraft:light_blue_wool":3,"minecraft:cod":7,"minecraft:cobblestone":81,"minecraft:feather":1,"minecraft:water_bucket":1,"minecraft:black_bed":6,"minecraft:potato":52,"minecraft:smoker":4,"minecraft:flint":29,"minecraft:dirt":97,"minecraft:lantern":4,"minecraft:leather_boots":1,"minecraft:purple_carpet":2,"minecraft:bone":2,"minecraft:acacia_planks":2,"minecraft:bow":1,"minecraft:wheat_seeds":40,"minecraft:grindstone":1,"minecraft:oak_planks":57,"minecraft:melon":6,"minecraft:dark_oak_log":2,"minecraft:barrel":4,"minecraft:bread":28,"minecraft:emerald":8,"minecraft:chainmail_helmet":1,"minecraft:oak_sapling":28,"minecraft:oak_leaves":15,"minecraft:diamond_pickaxe":2,"sophisticatedbackpacks:gold_backpack":2,"minecraft:coarse_dirt":5,"minecraft:crafting_table":3,"minecraft:stone_brick_wall":2,"minecraft:chain":14,"minecraft:brick":12,"minecraft:shield":3,"minecraft:oak_trapdoor":4,"minecraft:iron_axe":1,"minecraft:flint_and_steel":1,"minecraft:iron_shovel":2,"minecraft:cracked_stone_bricks":1,"minecraft:cartography_table":2,"minecraft:detector_rail":3,"minecraft:beef":8,"minecraft:poppy":3,"minecraft:light_gray_wool":1,"minecraft:spruce_slab":1,"minecraft:lectern":51,"minecraft:sugar_cane":7,"minecraft:chest":6,"minecraft:birch_sapling":24,"minecraft:spruce_trapdoor":6,"minecraft:egg":8,"minecraft:dark_oak_sapling":2,"minecraft:raw_iron":3,"minecraft:oak_door":1,"minecraft:spruce_fence":9,"minecraft:cookie":1,"minecraft:light_blue_bed":3,"minecraft:stone_shovel":3,"minecraft:arrow":5,"minecraft:decorated_pot":1,"minecraft:hay_block":64,"minecraft:mutton":6,"minecraft:rail":9,"minecraft:white_wool":7,"minecraft:stripped_oak_log":6,"minecraft:basalt":5,"minecraft:leather":8,"minecraft:crimson_fungus":2,"minecraft:oak_log":69,"minecraft:gunpowder":5,"minecraft:red_carpet":18,"bountiful:bounty":5,"minecraft:apple":23,"minecraft:stone_bricks":2,"minecraft:rabbit_hide":2,"minecraft:stone_pickaxe":1,"minecraft:cooked_chicken":2,"minecraft:acacia_sapling":12,"minecraft:iron_sword":2,"minecraft:flowering_azalea":2,"minecraft:dark_oak_stairs":4,"minecraft:book":48,"minecraft:scaffolding":23,"minecraft:oak_slab":1,"minecraft:dark_oak_slab":6,"minecraft:sweet_berries":7,"minecraft:dandelion":1,"minecraft:gravel":92,"minecraft:amethyst_shard":8,"minecraft:blast_furnace":2,"minecraft:white_bed":2,"minecraft:spider_eye":4,"minecraft:snort_pottery_sherd":1,"minecraft:chainmail_leggings":2,"minecraft:iron_helmet":1,"minecraft:oak_button":1,"minecraft:damaged_anvil":2,"minecraft:melon_seeds":5,"minecraft:coal":65,"minecraft:sunflower":1},"minecraft:killed_by":{"mythicmounts:dragon":1},"minecraft:killed":{"minecraft:spider":5,"minecraft:skeleton":2,"minecraft:zombie_villager":1,"minecraft:creeper":1,"minecraft:pillager":5,"minecraft:zombie":11,"minecraft:cow":5},"minecraft:dropped":{"minecraft:dark_oak_sapling":2,"minecraft:rail":9,"minecraft:emerald":4,"minecraft:flint":7,"minecraft:chain":2,"minecraft:gold_ingot":1,"minecraft:gravel":60,"bountiful:bounty":3,"minecraft:detector_rail":3,"minecraft:birch_sapling":23,"minecraft:wheat":4,"minecraft:rotten_flesh":19,"minecraft:vine":1,"minecraft:wheat_seeds":15,"bountiful:decree":1,"minecraft:oak_hanging_sign":3,"minecraft:coal":25,"minecraft:torch":1,"minecraft:cooked_salmon":1,"minecraft:iron_door":1,"minecraft:chainmail_leggings":1,"minecraft:string":2,"minecraft:stone_sword":1,"minecraft:stone_shovel":1,"minecraft:potato":5,"minecraft:diamond_pickaxe":1,"minecraft:spider_eye":2,"minecraft:stone_pickaxe":1},"minecraft:custom":{"minecraft:interact_with_crafting_table":47,"minecraft:open_barrel":103,"minecraft:eat_cake_slice":1,"minecraft:leave_game":6,"minecraft:time_since_death":281370,"minecraft:sprint_one_cm":1072235,"minecraft:damage_blocked_by_shield":705,"minecraft:drop":67,"minecraft:talked_to_villager":77,"minecraft:play_time":379903,"minecraft:deaths":1,"minecraft:jump":3654,"minecraft:walk_on_water_one_cm":20316,"minecraft:interact_with_furnace":15,"minecraft:traded_with_villager":2,"minecraft:sleep_in_bed":24,"minecraft:damage_dealt":6057,"minecraft:crouch_one_cm":29574,"minecraft:interact_with_smoker":6,"minecraft:horse_one_cm":20502,"minecraft:mob_kills":32,"minecraft:interact_with_anvil":5,"minecraft:climb_one_cm":10412,"minecraft:walk_one_cm":1019405,"minecraft:sneak_time":9412,"minecraft:walk_under_water_one_cm":9737,"minecraft:interact_with_blast_furnace":19,"minecraft:total_world_time":379903,"minecraft:interact_with_grindstone":4,"minecraft:time_since_rest":13214,"minecraft:damage_taken":2473,"minecraft:swim_one_cm":43897,"minecraft:fly_one_cm":1004201,"minecraft:open_chest":316,"minecraft:fall_one_cm":84599},"minecraft:mined":{"minecraft:white_bed":2,"sophisticatedbackpacks:gold_backpack":1,"minecraft:potted_crimson_fungus":1,"minecraft:spruce_trapdoor":6,"minecraft:grass_block":69,"minecraft:stone_brick_wall":2,"minecraft:dark_oak_trapdoor":3,"minecraft:barrel":4,"minecraft:iron_ore":2,"minecraft:target":2,"minecraft:black_carpet":3,"minecraft:dark_oak_stairs":2,"minecraft:purple_carpet":2,"minecraft:spruce_slab":1,"minecraft:smoker":4,"minecraft:amethyst_cluster":1,"minecraft:torch":5,"minecraft:blast_furnace":2,"minecraft:chest":5,"minecraft:cobblestone":12,"minecraft:damaged_anvil":2,"minecraft:grindstone":1,"minecraft:oak_planks":9,"minecraft:sugar_cane":2,"minecraft:wall_torch":3,"minecraft:seagrass":2,"minecraft:chain":10,"minecraft:dark_oak_slab":3,"minecraft:black_bed":6,"minecraft:orange_tulip":1,"minecraft:grass":196,"minecraft:oak_log":53,"minecraft:dirt":23,"minecraft:brown_candle":1,"minecraft:red_mushroom_block":1,"minecraft:oak_leaves":21,"minecraft:deepslate":14,"minecraft:red_carpet":18,"minecraft:light_blue_wool":3,"minecraft:dark_oak_leaves":4,"minecraft:oak_door":1,"minecraft:potted_flowering_azalea_bush":1,"minecraft:spruce_fence":9,"minecraft:decorated_pot":3,"minecraft:cartography_table":1,"minecraft:large_fern":2,"minecraft:hay_block":33,"minecraft:horn_coral":1,"minecraft:oak_trapdoor":2,"minecraft:peony":1,"minecraft:bookshelf":16,"minecraft:deepslate_iron_ore":1,"minecraft:vine":1,"minecraft:stripped_oak_log":6,"minecraft:stone":38,"minecraft:white_wool":2,"minecraft:smithing_table":2,"minecraft:oak_slab":1,"minecraft:scaffolding":3,"minecraft:potted_lily_of_the_valley":1,"minecraft:basalt":5,"minecraft:dandelion":1,"minecraft:crafting_table":2,"minecraft:lectern":50,"minecraft:andesite_wall":4,"minecraft:tall_grass":41,"minecraft:spruce_stairs":12,"minecraft:coarse_dirt":5,"minecraft:light_blue_bed":3,"minecraft:birch_leaves":2,"minecraft:coal_ore":29,"minecraft:sunflower":1,"minecraft:gravel":26,"minecraft:cracked_stone_bricks":1,"minecraft:oak_button":1,"minecraft:stone_bricks":2,"minecraft:fern":5}},"DataVersion":3465}