{"stats":{"minecraft:crafted":{"minecraft:iron_sword":1,"minecraft:iron_leggings":1,"minecraft:white_bed":1,"minecraft:iron_chestplate":1,"minecraft:torch":8,"minecraft:iron_axe":1,"minecraft:stone_axe":1,"minecraft:stick":12,"minecraft:iron_pickaxe":1,"minecraft:stone_pickaxe":1,"minecraft:stone_sword":1},"minecraft:used":{"minecraft:torch":1,"minecraft:bread":2,"minecraft:stone_pickaxe":32,"minecraft:white_bed":1},"minecraft:picked_up":{"minecraft:coal":2,"minecraft:cobblestone":30,"minecraft:oak_planks":17,"minecraft:white_wool":3},"minecraft:custom":{"minecraft:open_barrel":20,"minecraft:open_chest":4,"minecraft:time_since_rest":8299,"minecraft:crouch_one_cm":754,"minecraft:play_time":35038,"minecraft:interact_with_furnace":2,"minecraft:sprint_one_cm":26607,"minecraft:damage_taken":110,"minecraft:walk_one_cm":75020,"minecraft:sneak_time":239,"minecraft:jump":144,"minecraft:leave_game":1,"minecraft:walk_on_water_one_cm":167,"minecraft:time_since_death":35038,"minecraft:sleep_in_bed":1,"minecraft:climb_one_cm":1615,"minecraft:total_world_time":35038,"minecraft:interact_with_crafting_table":5,"minecraft:fall_one_cm":1871,"minecraft:fly_one_cm":21454},"minecraft:mined":{"minecraft:coal_ore":2,"minecraft:stone":30}},"DataVersion":3465}