{"stats":{"minecraft:crafted":{"minecraft:oak_planks":4,"minecraft:stone_shovel":1,"minecraft:melon":1,"minecraft:oak_hanging_sign":6,"minecraft:iron_axe":1,"minecraft:stone_pickaxe":1,"minecraft:wheat":144,"minecraft:oak_slab":6,"minecraft:cooked_porkchop":3,"minecraft:crafting_table":2,"minecraft:enchanting_table":1,"minecraft:iron_sword":1,"minecraft:stone_axe":1,"minecraft:bread":48,"minecraft:air":0,"minecraft:iron_chestplate":1,"minecraft:stick":12,"minecraft:iron_ingot":5,"minecraft:iron_pickaxe":1,"minecraft:stone_sword":1,"minecraft:light_blue_bed":1,"minecraft:iron_leggings":1,"minecraft:white_bed":1,"minecraft:torch":8},"minecraft:used":{"minecraft:stone_shovel":77,"minecraft:poppy":3,"minecraft:black_carpet":1,"minecraft:chest":4,"minecraft:shield":30,"minecraft:iron_sword":103,"minecraft:torch":8,"minecraft:iron_axe":63,"minecraft:birch_sapling":1,"minecraft:light_blue_bed":2,"minecraft:basalt":1,"minecraft:red_carpet":10,"minecraft:sweet_berries":4,"minecraft:egg":2,"minecraft:cobbled_deepslate":3,"minecraft:iron_leggings":1,"minecraft:damaged_anvil":1,"minecraft:iron_ore":1,"minecraft:stone_pickaxe":81,"minecraft:oak_planks":2,"minecraft:oak_slab":4,"minecraft:crafting_table":4,"minecraft:white_bed":1,"minecraft:black_bed":3,"minecraft:smoker":1,"minecraft:oak_log":6,"minecraft:apple":16,"minecraft:dark_oak_log":1,"minecraft:sunflower":1,"minecraft:bread":40,"minecraft:iron_pickaxe":25,"minecraft:stone_axe":3,"minecraft:cobblestone":63,"minecraft:grindstone":1,"minecraft:smithing_table":1,"minecraft:oak_hanging_sign":1,"minecraft:coarse_dirt":5,"minecraft:dandelion":1},"minecraft:picked_up":{"minecraft:crafting_table":1,"minecraft:iron_chestplate":1,"minecraft:coarse_dirt":5,"minecraft:wheat":10,"minecraft:black_carpet":3,"minecraft:suspicious_stew":1,"minecraft:smithing_table":1,"minecraft:chain":12,"minecraft:shield":1,"minecraft:brick":12,"minecraft:string":3,"minecraft:raw_copper":14,"minecraft:iron_axe":1,"minecraft:cooked_salmon":1,"minecraft:iron_leggings":1,"minecraft:beetroot":2,"minecraft:cobbled_deepslate":10,"minecraft:detector_rail":3,"minecraft:poppy":3,"minecraft:iron_pickaxe":1,"minecraft:light_gray_wool":1,"minecraft:melon_slice":7,"minecraft:sugar_cane":1,"minecraft:chest":4,"minecraft:birch_sapling":24,"minecraft:egg":2,"minecraft:dark_oak_sapling":2,"minecraft:stick":17,"minecraft:raw_iron":3,"minecraft:torch":7,"minecraft:acacia_log":53,"minecraft:dried_kelp":5,"minecraft:cookie":1,"minecraft:vine":1,"minecraft:light_blue_bed":1,"minecraft:andesite_wall":4,"minecraft:arrow":5,"minecraft:rotten_flesh":14,"minecraft:stone_shovel":1,"minecraft:light_blue_wool":3,"minecraft:decorated_pot":1,"minecraft:hay_block":64,"minecraft:mutton":6,"minecraft:cobblestone":42,"minecraft:rail":9,"minecraft:cod":7,"minecraft:white_wool":5,"minecraft:stripped_oak_log":6,"minecraft:feather":1,"minecraft:basalt":1,"minecraft:black_bed":3,"minecraft:leather":1,"minecraft:smoker":4,"minecraft:potato":40,"minecraft:oak_log":21,"minecraft:dirt":71,"minecraft:lantern":4,"minecraft:red_carpet":18,"minecraft:bone":2,"minecraft:acacia_planks":2,"bountiful:bounty":1,"minecraft:apple":23,"minecraft:stone_bricks":1,"minecraft:wheat_seeds":15,"minecraft:grindstone":1,"minecraft:stone_pickaxe":1,"minecraft:cooked_chicken":2,"minecraft:iron_sword":1,"minecraft:oak_planks":48,"minecraft:acacia_sapling":12,"minecraft:book":39,"minecraft:sweet_berries":7,"minecraft:dandelion":1,"minecraft:melon":6,"minecraft:blast_furnace":2,"minecraft:white_bed":2,"minecraft:dark_oak_log":2,"minecraft:spider_eye":3,"minecraft:barrel":2,"minecraft:snort_pottery_sherd":1,"minecraft:chainmail_leggings":2,"minecraft:emerald":8,"minecraft:bread":20,"minecraft:damaged_anvil":1,"minecraft:oak_sapling":23,"minecraft:oak_leaves":6,"minecraft:coal":65,"minecraft:sunflower":1},"minecraft:killed_by":{"mythicmounts:dragon":1},"minecraft:killed":{"minecraft:spider":5,"minecraft:skeleton":2,"minecraft:zombie_villager":1,"minecraft:pillager":5,"minecraft:zombie":7},"minecraft:dropped":{"minecraft:vine":1,"minecraft:wheat_seeds":11,"bountiful:decree":1,"minecraft:dark_oak_sapling":2,"minecraft:oak_hanging_sign":1,"minecraft:rail":9,"minecraft:coal":25,"minecraft:torch":1,"minecraft:cooked_salmon":1,"minecraft:chainmail_leggings":1,"minecraft:string":2,"minecraft:detector_rail":3,"minecraft:birch_sapling":23,"minecraft:wheat":4,"minecraft:rotten_flesh":14,"minecraft:potato":5,"minecraft:spider_eye":2,"minecraft:stone_pickaxe":1},"minecraft:custom":{"minecraft:mob_kills":21,"minecraft:interact_with_crafting_table":14,"minecraft:open_barrel":55,"minecraft:eat_cake_slice":1,"minecraft:leave_game":6,"minecraft:time_since_death":96151,"minecraft:climb_one_cm":6966,"minecraft:sprint_one_cm":593525,"minecraft:walk_one_cm":472103,"minecraft:damage_blocked_by_shield":705,"minecraft:drop":36,"minecraft:talked_to_villager":1,"minecraft:play_time":194684,"minecraft:sneak_time":7579,"minecraft:deaths":1,"minecraft:walk_under_water_one_cm":8663,"minecraft:jump":2371,"minecraft:walk_on_water_one_cm":16536,"minecraft:total_world_time":194684,"minecraft:interact_with_furnace":11,"minecraft:sleep_in_bed":13,"minecraft:time_since_rest":7704,"minecraft:damage_taken":1834,"minecraft:damage_dealt":4635,"minecraft:fly_one_cm":618038,"minecraft:swim_one_cm":38808,"minecraft:open_chest":94,"minecraft:crouch_one_cm":24582,"minecraft:interact_with_smoker":1,"minecraft:fall_one_cm":58671,"minecraft:horse_one_cm":16526},"minecraft:mined":{"minecraft:red_carpet":18,"minecraft:white_bed":2,"minecraft:light_blue_wool":3,"minecraft:dark_oak_leaves":4,"minecraft:grass_block":59,"minecraft:decorated_pot":3,"minecraft:large_fern":2,"minecraft:hay_block":33,"minecraft:iron_ore":2,"minecraft:barrel":2,"minecraft:black_carpet":3,"minecraft:peony":1,"minecraft:bookshelf":13,"minecraft:vine":1,"minecraft:deepslate_iron_ore":1,"minecraft:stripped_oak_log":6,"minecraft:stone":38,"minecraft:smithing_table":1,"minecraft:smoker":4,"minecraft:basalt":1,"minecraft:dandelion":1,"minecraft:crafting_table":1,"minecraft:torch":4,"minecraft:blast_furnace":2,"minecraft:chest":3,"minecraft:andesite_wall":4,"minecraft:cobblestone":9,"minecraft:tall_grass":31,"minecraft:grindstone":1,"minecraft:damaged_anvil":1,"minecraft:wall_torch":3,"minecraft:seagrass":1,"minecraft:chain":10,"minecraft:coarse_dirt":5,"minecraft:light_blue_bed":1,"minecraft:birch_leaves":2,"minecraft:orange_tulip":1,"minecraft:black_bed":3,"minecraft:grass":72,"minecraft:oak_log":20,"minecraft:coal_ore":29,"minecraft:sunflower":1,"minecraft:dirt":7,"minecraft:stone_bricks":1,"minecraft:red_mushroom_block":1,"minecraft:oak_leaves":6,"minecraft:fern":5}},"DataVersion":3465}