{"stats":{"minecraft:crafted":{"minecraft:oak_slab":6,"minecraft:oak_planks":4,"minecraft:stone_shovel":1,"minecraft:cooked_porkchop":3,"minecraft:crafting_table":2,"minecraft:iron_sword":1,"minecraft:stone_axe":1,"minecraft:air":0,"minecraft:iron_chestplate":1,"minecraft:iron_axe":1,"minecraft:stick":12,"minecraft:iron_ingot":5,"minecraft:iron_pickaxe":1,"minecraft:stone_pickaxe":1,"minecraft:stone_sword":1,"minecraft:light_blue_bed":1,"minecraft:iron_leggings":1,"minecraft:white_bed":1,"minecraft:torch":8},"minecraft:used":{"minecraft:stone_shovel":76,"minecraft:stone_pickaxe":39,"minecraft:oak_planks":2,"minecraft:chest":1,"minecraft:torch":8,"minecraft:oak_slab":2,"minecraft:crafting_table":3,"minecraft:white_bed":1,"minecraft:bread":4,"minecraft:light_blue_bed":2,"minecraft:stone_axe":3,"minecraft:sweet_berries":4,"minecraft:coarse_dirt":5},"minecraft:picked_up":{"minecraft:coarse_dirt":5,"minecraft:crafting_table":1,"minecraft:wheat":6,"minecraft:feather":1,"minecraft:suspicious_stew":1,"minecraft:leather":1,"minecraft:potato":35,"minecraft:oak_log":1,"minecraft:brick":8,"minecraft:dirt":63,"minecraft:raw_copper":14,"minecraft:acacia_planks":2,"minecraft:beetroot":2,"minecraft:apple":7,"minecraft:wheat_seeds":4,"minecraft:cooked_chicken":2,"minecraft:light_gray_wool":1,"minecraft:melon_slice":7,"minecraft:chest":1,"minecraft:oak_planks":48,"minecraft:acacia_sapling":12,"minecraft:stick":3,"minecraft:raw_iron":2,"minecraft:sweet_berries":7,"minecraft:torch":6,"minecraft:acacia_log":53,"minecraft:dried_kelp":5,"minecraft:cookie":1,"minecraft:white_bed":1,"minecraft:light_blue_bed":1,"minecraft:barrel":2,"minecraft:arrow":3,"minecraft:light_blue_wool":3,"minecraft:hay_block":32,"minecraft:emerald":8,"minecraft:bread":15,"minecraft:oak_sapling":15,"minecraft:mutton":6,"minecraft:coal":2,"minecraft:cod":7,"minecraft:white_wool":5,"minecraft:cobblestone":30},"minecraft:dropped":{"minecraft:coal":6},"minecraft:custom":{"minecraft:interact_with_furnace":11,"minecraft:interact_with_crafting_table":9,"minecraft:open_barrel":43,"minecraft:leave_game":2,"minecraft:time_since_death":70203,"minecraft:sleep_in_bed":4,"minecraft:climb_one_cm":2628,"minecraft:time_since_rest":2013,"minecraft:sprint_one_cm":96218,"minecraft:damage_taken":110,"minecraft:walk_one_cm":140609,"minecraft:drop":1,"minecraft:swim_one_cm":2046,"minecraft:fly_one_cm":109715,"minecraft:open_chest":29,"minecraft:crouch_one_cm":4995,"minecraft:play_time":70203,"minecraft:sneak_time":1520,"minecraft:walk_under_water_one_cm":141,"minecraft:jump":501,"minecraft:walk_on_water_one_cm":312,"minecraft:total_world_time":70203,"minecraft:fall_one_cm":11356},"minecraft:mined":{"minecraft:white_bed":1,"minecraft:light_blue_wool":3,"minecraft:crafting_table":1,"minecraft:torch":4,"minecraft:grass_block":59,"minecraft:tall_grass":8,"minecraft:wall_torch":2,"minecraft:hay_block":33,"minecraft:coarse_dirt":5,"minecraft:light_blue_bed":1,"minecraft:iron_ore":1,"minecraft:barrel":2,"minecraft:grass":12,"minecraft:coal_ore":2,"minecraft:deepslate_iron_ore":1,"minecraft:dirt":7,"minecraft:stone":34,"minecraft:fern":1}},"DataVersion":3465}