{"stats":{"minecraft:crafted":{"minecraft:oak_slab":6,"minecraft:oak_planks":4,"minecraft:cooked_porkchop":3,"minecraft:crafting_table":1,"minecraft:iron_sword":1,"minecraft:stone_axe":1,"minecraft:air":0,"minecraft:iron_chestplate":1,"minecraft:iron_axe":1,"minecraft:stick":12,"minecraft:iron_ingot":5,"minecraft:iron_pickaxe":1,"minecraft:stone_pickaxe":1,"minecraft:stone_sword":1,"minecraft:light_blue_bed":1,"minecraft:iron_leggings":1,"minecraft:white_bed":1,"minecraft:torch":8},"minecraft:used":{"minecraft:stone_pickaxe":35,"minecraft:oak_planks":2,"minecraft:chest":1,"minecraft:torch":7,"minecraft:oak_slab":2,"minecraft:crafting_table":2,"minecraft:white_bed":1,"minecraft:bread":4,"minecraft:light_blue_bed":2,"minecraft:stone_axe":3,"minecraft:sweet_berries":4},"minecraft:picked_up":{"minecraft:crafting_table":1,"minecraft:wheat":6,"minecraft:feather":1,"minecraft:suspicious_stew":1,"minecraft:leather":1,"minecraft:potato":35,"minecraft:oak_log":1,"minecraft:brick":8,"minecraft:raw_copper":14,"minecraft:acacia_planks":2,"minecraft:beetroot":2,"minecraft:apple":7,"minecraft:wheat_seeds":1,"minecraft:cooked_chicken":2,"minecraft:light_gray_wool":1,"minecraft:melon_slice":7,"minecraft:chest":1,"minecraft:oak_planks":48,"minecraft:acacia_sapling":12,"minecraft:stick":3,"minecraft:raw_iron":2,"minecraft:sweet_berries":7,"minecraft:torch":5,"minecraft:acacia_log":53,"minecraft:dried_kelp":5,"minecraft:cookie":1,"minecraft:white_bed":1,"minecraft:light_blue_bed":1,"minecraft:barrel":2,"minecraft:arrow":3,"minecraft:light_blue_wool":3,"minecraft:emerald":8,"minecraft:bread":15,"minecraft:oak_sapling":15,"minecraft:mutton":6,"minecraft:coal":2,"minecraft:cod":7,"minecraft:white_wool":5,"minecraft:cobblestone":30},"minecraft:custom":{"minecraft:interact_with_furnace":11,"minecraft:interact_with_crafting_table":8,"minecraft:open_barrel":40,"minecraft:leave_game":1,"minecraft:time_since_death":59038,"minecraft:sleep_in_bed":3,"minecraft:climb_one_cm":2628,"minecraft:time_since_rest":4545,"minecraft:sprint_one_cm":79591,"minecraft:damage_taken":110,"minecraft:walk_one_cm":114955,"minecraft:fly_one_cm":80361,"minecraft:open_chest":25,"minecraft:crouch_one_cm":3740,"minecraft:play_time":59038,"minecraft:sneak_time":1079,"minecraft:jump":375,"minecraft:walk_on_water_one_cm":167,"minecraft:total_world_time":59038,"minecraft:fall_one_cm":8997},"minecraft:mined":{"minecraft:white_bed":1,"minecraft:light_blue_wool":3,"minecraft:crafting_table":1,"minecraft:torch":3,"minecraft:wall_torch":2,"minecraft:light_blue_bed":1,"minecraft:iron_ore":1,"minecraft:barrel":2,"minecraft:grass":3,"minecraft:coal_ore":2,"minecraft:deepslate_iron_ore":1,"minecraft:stone":30,"minecraft:fern":1}},"DataVersion":3465}