{"stats":{"minecraft:broken":{"minecraft:chainmail_helmet":1},"minecraft:crafted":{"minecraft:oak_planks":152,"minecraft:stone_shovel":1,"minecraft:melon":1,"minecraft:oak_pressure_plate":1,"minecraft:oak_hanging_sign":6,"minecraft:bookshelf":18,"minecraft:iron_boots":1,"sophisticatedbackpacks:copper_backpack":1,"minecraft:iron_axe":1,"minecraft:stone_pickaxe":1,"minecraft:copper_block":8,"minecraft:chest":1,"minecraft:oak_button":2,"minecraft:iron_door":3,"sophisticatedbackpacks:iron_backpack":1,"minecraft:wheat":144,"minecraft:oak_slab":12,"minecraft:emerald":2,"sophisticatedbackpacks:backpack":1,"minecraft:cooked_porkchop":3,"minecraft:crafting_table":2,"minecraft:enchanting_table":1,"minecraft:iron_sword":2,"minecraft:copper_ingot":72,"sophisticatedbackpacks:gold_backpack":1,"minecraft:stone_axe":1,"minecraft:bread":48,"minecraft:air":0,"minecraft:iron_chestplate":4,"minecraft:paper":81,"minecraft:shield":1,"minecraft:stick":16,"minecraft:iron_ingot":13,"minecraft:iron_pickaxe":1,"bountiful:bountyboard":1,"minecraft:stone_sword":1,"minecraft:light_blue_bed":1,"minecraft:gold_ingot":9,"minecraft:iron_leggings":2,"minecraft:white_bed":1,"minecraft:torch":8,"minecraft:shears":1},"minecraft:used":{"minecraft:enchanting_table":1,"minecraft:stone_shovel":93,"minecraft:poppy":3,"minecraft:black_carpet":1,"minecraft:chest":6,"minecraft:shield":30,"minecraft:iron_sword":108,"minecraft:iron_chestplate":5,"minecraft:torch":8,"minecraft:dirt":9,"minecraft:allium":1,"minecraft:milk_bucket":1,"minecraft:bookshelf":18,"minecraft:iron_axe":221,"minecraft:birch_sapling":1,"minecraft:light_blue_bed":4,"minecraft:iron_boots":1,"minecraft:barrel":2,"minecraft:red_carpet":10,"minecraft:basalt":5,"minecraft:scaffolding":9,"minecraft:sweet_berries":4,"minecraft:egg":4,"minecraft:cobbled_deepslate":17,"minecraft:iron_leggings":1,"minecraft:water_bucket":1,"minecraft:diamond_boots":2,"minecraft:damaged_anvil":2,"minecraft:iron_ore":1,"minecraft:stone_pickaxe":81,"minecraft:oak_planks":11,"minecraft:leather_chestplate":2,"minecraft:sugar_cane":6,"minecraft:oak_leaves":9,"minecraft:white_wool":2,"minecraft:oak_slab":11,"minecraft:crafting_table":5,"minecraft:blast_furnace":2,"minecraft:white_bed":1,"minecraft:cake":1,"minecraft:black_bed":5,"minecraft:shears":9,"minecraft:smoker":1,"minecraft:oak_log":6,"minecraft:apple":16,"minecraft:dark_oak_log":1,"minecraft:sunflower":1,"minecraft:bread":60,"minecraft:oak_button":2,"minecraft:iron_pickaxe":52,"minecraft:lectern":49,"minecraft:oak_pressure_plate":1,"minecraft:iron_door":1,"minecraft:stone_axe":3,"minecraft:cobblestone":66,"minecraft:chainmail_boots":1,"minecraft:grindstone":1,"minecraft:smithing_table":2,"minecraft:bucket":1,"minecraft:purple_carpet":3,"minecraft:coarse_dirt":5,"minecraft:dandelion":1,"minecraft:oak_hanging_sign":1},"minecraft:picked_up":{"minecraft:crafting_table":2,"minecraft:iron_chestplate":1,"minecraft:coarse_dirt":5,"minecraft:black_carpet":3,"minecraft:wheat":10,"minecraft:chainmail_boots":1,"minecraft:flower_pot":5,"minecraft:suspicious_stew":1,"minecraft:smithing_table":2,"minecraft:stone_brick_wall":2,"minecraft:chain":14,"minecraft:shield":1,"minecraft:brick":12,"minecraft:oak_trapdoor":4,"minecraft:string":3,"minecraft:dark_oak_trapdoor":6,"minecraft:raw_copper":14,"minecraft:iron_axe":1,"minecraft:cooked_salmon":1,"minecraft:iron_leggings":2,"minecraft:beetroot":2,"minecraft:cracked_stone_bricks":1,"minecraft:cartography_table":2,"minecraft:detector_rail":3,"minecraft:cobbled_deepslate":24,"minecraft:beef":8,"minecraft:spruce_slab":1,"minecraft:poppy":3,"minecraft:iron_pickaxe":1,"minecraft:light_gray_wool":1,"minecraft:lectern":49,"minecraft:melon_slice":7,"minecraft:sugar_cane":7,"minecraft:chest":6,"minecraft:birch_sapling":24,"minecraft:spruce_trapdoor":6,"minecraft:egg":4,"minecraft:dark_oak_sapling":2,"minecraft:stick":17,"minecraft:raw_iron":3,"minecraft:oak_door":1,"minecraft:torch":9,"minecraft:acacia_log":53,"minecraft:spruce_stairs":15,"minecraft:spruce_fence":9,"minecraft:dried_kelp":5,"minecraft:target":2,"minecraft:cookie":1,"minecraft:vine":1,"minecraft:light_blue_bed":3,"minecraft:stone_sword":1,"minecraft:andesite_wall":4,"minecraft:arrow":5,"minecraft:rotten_flesh":16,"minecraft:stone_shovel":1,"minecraft:light_blue_wool":3,"minecraft:decorated_pot":1,"minecraft:hay_block":64,"minecraft:mutton":6,"minecraft:cod":7,"minecraft:white_wool":7,"minecraft:rail":9,"minecraft:cobblestone":45,"minecraft:stripped_oak_log":6,"minecraft:feather":1,"minecraft:basalt":5,"minecraft:black_bed":6,"minecraft:leather":8,"minecraft:smoker":4,"minecraft:potato":52,"minecraft:crimson_fungus":2,"minecraft:oak_log":69,"minecraft:dirt":97,"minecraft:lantern":4,"minecraft:purple_carpet":2,"minecraft:leather_boots":1,"minecraft:red_carpet":18,"minecraft:bone":2,"minecraft:acacia_planks":2,"bountiful:bounty":1,"minecraft:apple":23,"minecraft:stone_bricks":2,"minecraft:wheat_seeds":36,"minecraft:rabbit_hide":2,"minecraft:grindstone":1,"minecraft:stone_pickaxe":1,"minecraft:cooked_chicken":2,"minecraft:flowering_azalea":2,"minecraft:iron_sword":2,"minecraft:oak_planks":57,"minecraft:acacia_sapling":12,"minecraft:dark_oak_stairs":4,"minecraft:book":48,"minecraft:scaffolding":23,"minecraft:oak_slab":1,"minecraft:dark_oak_slab":6,"minecraft:sweet_berries":7,"minecraft:dandelion":1,"minecraft:amethyst_shard":8,"minecraft:melon":6,"minecraft:blast_furnace":2,"minecraft:white_bed":2,"minecraft:dark_oak_log":2,"minecraft:spider_eye":3,"minecraft:barrel":4,"minecraft:snort_pottery_sherd":1,"minecraft:chainmail_leggings":2,"minecraft:oak_button":1,"minecraft:chainmail_helmet":1,"minecraft:emerald":8,"minecraft:bread":20,"minecraft:oak_sapling":28,"minecraft:damaged_anvil":2,"minecraft:coal":65,"minecraft:oak_leaves":15,"minecraft:diamond_pickaxe":2,"minecraft:sunflower":1},"minecraft:killed_by":{"mythicmounts:dragon":1},"minecraft:killed":{"minecraft:spider":5,"minecraft:skeleton":2,"minecraft:zombie_villager":1,"minecraft:pillager":5,"minecraft:zombie":9,"minecraft:cow":5},"minecraft:dropped":{"minecraft:vine":1,"minecraft:wheat_seeds":15,"bountiful:decree":1,"minecraft:dark_oak_sapling":2,"minecraft:oak_hanging_sign":3,"minecraft:rail":9,"minecraft:coal":25,"minecraft:emerald":4,"minecraft:torch":1,"minecraft:iron_door":1,"minecraft:cooked_salmon":1,"minecraft:chain":2,"minecraft:chainmail_leggings":1,"minecraft:string":2,"minecraft:gold_ingot":1,"bountiful:bounty":1,"minecraft:stone_sword":1,"minecraft:detector_rail":3,"minecraft:wheat":4,"minecraft:birch_sapling":23,"minecraft:rotten_flesh":15,"minecraft:potato":5,"minecraft:diamond_pickaxe":1,"minecraft:spider_eye":2,"minecraft:stone_pickaxe":1},"minecraft:custom":{"minecraft:interact_with_anvil":4,"minecraft:mob_kills":28,"minecraft:interact_with_crafting_table":46,"minecraft:open_barrel":90,"minecraft:eat_cake_slice":1,"minecraft:leave_game":6,"minecraft:time_since_death":245370,"minecraft:climb_one_cm":10412,"minecraft:sprint_one_cm":990139,"minecraft:walk_one_cm":926765,"minecraft:damage_blocked_by_shield":705,"minecraft:drop":54,"minecraft:talked_to_villager":74,"minecraft:play_time":343903,"minecraft:deaths":1,"minecraft:sneak_time":9312,"minecraft:walk_under_water_one_cm":9641,"minecraft:jump":3378,"minecraft:interact_with_blast_furnace":19,"minecraft:walk_on_water_one_cm":19597,"minecraft:total_world_time":343903,"minecraft:interact_with_furnace":15,"minecraft:traded_with_villager":2,"minecraft:interact_with_grindstone":4,"minecraft:sleep_in_bed":22,"minecraft:time_since_rest":12442,"minecraft:damage_taken":2107,"minecraft:damage_dealt":5268,"minecraft:fly_one_cm":923128,"minecraft:swim_one_cm":43286,"minecraft:open_chest":303,"minecraft:crouch_one_cm":29414,"minecraft:interact_with_smoker":6,"minecraft:fall_one_cm":77484,"minecraft:horse_one_cm":20502},"minecraft:mined":{"minecraft:red_carpet":18,"minecraft:white_bed":2,"minecraft:light_blue_wool":3,"minecraft:dark_oak_leaves":4,"minecraft:oak_door":1,"minecraft:potted_flowering_azalea_bush":1,"minecraft:potted_crimson_fungus":1,"minecraft:spruce_trapdoor":6,"minecraft:stone_brick_wall":2,"minecraft:spruce_fence":9,"minecraft:grass_block":69,"minecraft:decorated_pot":3,"minecraft:cartography_table":1,"minecraft:horn_coral":1,"minecraft:large_fern":2,"minecraft:hay_block":33,"minecraft:oak_trapdoor":2,"minecraft:dark_oak_trapdoor":3,"minecraft:iron_ore":2,"minecraft:barrel":4,"minecraft:target":2,"minecraft:black_carpet":3,"minecraft:peony":1,"minecraft:dark_oak_stairs":2,"minecraft:bookshelf":16,"minecraft:vine":1,"minecraft:deepslate_iron_ore":1,"minecraft:purple_carpet":2,"minecraft:stripped_oak_log":6,"minecraft:stone":38,"minecraft:white_wool":2,"minecraft:spruce_slab":1,"minecraft:smithing_table":2,"minecraft:oak_slab":1,"minecraft:scaffolding":3,"minecraft:potted_lily_of_the_valley":1,"minecraft:smoker":4,"minecraft:amethyst_cluster":1,"minecraft:basalt":5,"minecraft:dandelion":1,"minecraft:crafting_table":2,"minecraft:torch":5,"minecraft:blast_furnace":2,"minecraft:chest":5,"minecraft:lectern":48,"minecraft:andesite_wall":4,"minecraft:cobblestone":12,"minecraft:tall_grass":41,"minecraft:sugar_cane":2,"minecraft:grindstone":1,"minecraft:oak_planks":9,"minecraft:damaged_anvil":2,"minecraft:wall_torch":3,"minecraft:spruce_stairs":12,"minecraft:seagrass":2,"minecraft:chain":10,"minecraft:coarse_dirt":5,"minecraft:dark_oak_slab":3,"minecraft:light_blue_bed":3,"minecraft:birch_leaves":2,"minecraft:orange_tulip":1,"minecraft:black_bed":6,"minecraft:grass":196,"minecraft:coal_ore":29,"minecraft:oak_log":53,"minecraft:sunflower":1,"minecraft:dirt":23,"minecraft:brown_candle":1,"minecraft:cracked_stone_bricks":1,"minecraft:oak_button":1,"minecraft:stone_bricks":2,"minecraft:red_mushroom_block":1,"minecraft:deepslate":14,"minecraft:oak_leaves":21,"minecraft:fern":5}},"DataVersion":3465}