{"stats":{"minecraft:crafted":{"minecraft:oak_planks":4,"minecraft:oak_slab":6,"minecraft:stone_shovel":1,"minecraft:cooked_porkchop":3,"minecraft:crafting_table":2,"minecraft:iron_sword":1,"minecraft:stone_axe":1,"minecraft:air":0,"minecraft:iron_chestplate":1,"minecraft:iron_axe":1,"minecraft:stick":12,"minecraft:iron_ingot":5,"minecraft:iron_pickaxe":1,"minecraft:stone_pickaxe":1,"minecraft:light_blue_bed":1,"minecraft:stone_sword":1,"minecraft:iron_leggings":1,"minecraft:white_bed":1,"minecraft:torch":8},"minecraft:used":{"minecraft:stone_shovel":76,"minecraft:stone_pickaxe":69,"minecraft:oak_planks":2,"minecraft:chest":1,"minecraft:shield":9,"minecraft:iron_sword":35,"minecraft:torch":8,"minecraft:oak_slab":2,"minecraft:crafting_table":3,"minecraft:white_bed":1,"minecraft:bread":10,"minecraft:light_blue_bed":2,"minecraft:stone_axe":3,"minecraft:cobblestone":9,"minecraft:sweet_berries":4,"minecraft:coarse_dirt":5},"minecraft:picked_up":{"minecraft:crafting_table":1,"minecraft:coarse_dirt":5,"minecraft:wheat":6,"minecraft:feather":1,"minecraft:suspicious_stew":1,"minecraft:leather":1,"minecraft:potato":35,"minecraft:oak_log":1,"minecraft:brick":8,"minecraft:string":2,"minecraft:dirt":63,"minecraft:raw_copper":14,"minecraft:acacia_planks":2,"minecraft:beetroot":2,"minecraft:apple":7,"minecraft:wheat_seeds":4,"minecraft:cooked_chicken":2,"minecraft:light_gray_wool":1,"minecraft:melon_slice":7,"minecraft:chest":1,"minecraft:oak_planks":48,"minecraft:acacia_sapling":12,"minecraft:stick":3,"minecraft:raw_iron":2,"minecraft:sweet_berries":7,"minecraft:torch":6,"minecraft:acacia_log":53,"minecraft:dried_kelp":5,"minecraft:cookie":1,"minecraft:white_bed":1,"minecraft:light_blue_bed":1,"minecraft:barrel":2,"minecraft:arrow":3,"minecraft:rotten_flesh":2,"minecraft:light_blue_wool":3,"minecraft:chainmail_leggings":1,"minecraft:hay_block":32,"minecraft:bread":15,"minecraft:emerald":8,"minecraft:oak_sapling":15,"minecraft:mutton":6,"minecraft:coal":29,"minecraft:cod":7,"minecraft:white_wool":5,"minecraft:cobblestone":33},"minecraft:killed":{"minecraft:zombie_villager":1,"minecraft:spider":2,"minecraft:zombie":5},"minecraft:dropped":{"minecraft:rotten_flesh":2,"minecraft:coal":25},"minecraft:custom":{"minecraft:interact_with_furnace":11,"minecraft:mob_kills":8,"minecraft:interact_with_crafting_table":9,"minecraft:open_barrel":46,"minecraft:leave_game":2,"minecraft:time_since_death":85959,"minecraft:sleep_in_bed":5,"minecraft:climb_one_cm":2628,"minecraft:time_since_rest":9649,"minecraft:sprint_one_cm":157578,"minecraft:damage_taken":254,"minecraft:walk_one_cm":176072,"minecraft:damage_blocked_by_shield":125,"minecraft:drop":4,"minecraft:damage_dealt":1444,"minecraft:swim_one_cm":2046,"minecraft:fly_one_cm":176771,"minecraft:open_chest":30,"minecraft:crouch_one_cm":9032,"minecraft:play_time":85959,"minecraft:sneak_time":3152,"minecraft:walk_under_water_one_cm":141,"minecraft:jump":760,"minecraft:walk_on_water_one_cm":312,"minecraft:total_world_time":85959,"minecraft:fall_one_cm":16130,"minecraft:horse_one_cm":5636},"minecraft:mined":{"minecraft:white_bed":1,"minecraft:light_blue_wool":3,"minecraft:crafting_table":1,"minecraft:torch":4,"minecraft:grass_block":59,"minecraft:tall_grass":8,"minecraft:wall_torch":2,"minecraft:hay_block":33,"minecraft:coarse_dirt":5,"minecraft:light_blue_bed":1,"minecraft:iron_ore":1,"minecraft:barrel":2,"minecraft:grass":14,"minecraft:coal_ore":29,"minecraft:deepslate_iron_ore":1,"minecraft:dirt":7,"minecraft:stone":37,"minecraft:fern":2}},"DataVersion":3465}