{"stats":{"minecraft:broken":{"minecraft:iron_boots":1,"minecraft:stone_pickaxe":1,"minecraft:stone_axe":1,"minecraft:iron_sword":3,"minecraft:leather_helmet":2,"minecraft:iron_axe":1,"minecraft:leather_boots":1,"minecraft:iron_pickaxe":3,"minecraft:iron_helmet":1},"minecraft:crafted":{"minecraft:grindstone":1,"minecraft:oak_planks":128,"minecraft:smooth_stone":5,"minecraft:cobblestone_slab":6,"minecraft:dark_oak_boat":1,"minecraft:stone":14,"sophisticatedbackpacks:crafting_upgrade":1,"minecraft:bookshelf":25,"minecraft:heavy_weighted_pressure_plate":1,"minecraft:cooked_mutton":11,"minecraft:dark_oak_door":6,"minecraft:hopper":4,"minecraft:diamond_helmet":3,"minecraft:diamond_leggings":1,"minecraft:iron_boots":1,"sophisticatedbackpacks:copper_backpack":1,"minecraft:chest":7,"minecraft:copper_block":5,"minecraft:smoker":1,"minecraft:wooden_shovel":1,"sophisticatedbackpacks:backpack":1,"minecraft:crafting_table":5,"minecraft:spruce_planks":16,"minecraft:wooden_pickaxe":2,"minecraft:iron_helmet":1,"majruszsdifficulty:bandage":4,"minecraft:copper_ingot":183,"minecraft:gold_block":8,"minecraft:birch_planks":40,"sophisticatedbackpacks:upgrade_base":3,"minecraft:dark_oak_slab":6,"minecraft:diamond_pickaxe":4,"minecraft:stone_slab":6,"minecraft:stick":84,"minecraft:iron_ingot":332,"minecraft:iron_pickaxe":2,"minecraft:iron_block":2,"minecraft:stone_sword":1,"minecraft:acacia_door":6,"minecraft:gold_ingot":73,"minecraft:wooden_sword":1,"minecraft:stone_shovel":1,"minecraft:coal":36,"sophisticatedbackpacks:tool_swapper_upgrade":1,"sophisticatedbackpacks:stack_upgrade_tier_1":1,"minecraft:stone_button":1,"minecraft:blast_furnace":1,"minecraft:furnace":3,"minecraft:dark_oak_trapdoor":6,"sophisticatedbackpacks:stack_upgrade_starter_tier":1,"minecraft:bone_meal":9,"minecraft:iron_axe":2,"minecraft:stone_pickaxe":2,"minecraft:diamond_boots":2,"sophisticatedbackpacks:stack_upgrade_tier_2":1,"minecraft:redstone_block":75,"minecraft:dark_oak_planks":164,"minecraft:wheat":207,"sophisticatedbackpacks:iron_backpack":2,"minecraft:cooked_beef":23,"minecraft:sugar":2,"minecraft:diamond_sword":3,"sophisticatedbackpacks:advanced_tool_swapper_upgrade":1,"minecraft:iron_sword":2,"sophisticatedbackpacks:gold_backpack":2,"minecraft:stone_axe":1,"minecraft:bread":69,"minecraft:air":0,"minecraft:oak_boat":1,"minecraft:wooden_axe":1,"minecraft:iron_shovel":1,"minecraft:acacia_planks":120,"minecraft:torch":268,"minecraft:diamond_chestplate":2,"minecraft:lapis_block":64},"minecraft:used":{"minecraft:iron_shovel":213,"sophisticatedbackpacks:copper_backpack":1,"minecraft:oak_sign":1,"minecraft:decorated_pot":1,"minecraft:chest":28,"minecraft:iron_sword":1256,"minecraft:player_head":1,"minecraft:iron_chestplate":1,"minecraft:carrot":2,"minecraft:tuff":3,"minecraft:cyan_terracotta":4,"minecraft:spruce_wood":1,"minecraft:birch_sapling":2,"minecraft:dark_oak_slab":8,"minecraft:birch_trapdoor":2,"minecraft:brown_carpet":1,"minecraft:dark_oak_boat":3,"minecraft:furnace":6,"minecraft:oak_sapling":21,"minecraft:potato":2,"minecraft:damaged_anvil":2,"minecraft:stone_pickaxe":210,"minecraft:oak_planks":11,"minecraft:orange_tulip":1,"minecraft:blackstone":3,"minecraft:wooden_pickaxe":3,"minecraft:redstone_block":1,"minecraft:diamond_axe":254,"minecraft:sugar_cane":20,"minecraft:blue_bed":28,"minecraft:white_wool":26,"minecraft:golden_apple":2,"minecraft:dark_oak_trapdoor":30,"minecraft:blast_furnace":7,"sophisticatedbackpacks:backpack":3,"minecraft:acacia_door":6,"minecraft:string":1,"minecraft:heavy_weighted_pressure_plate":1,"minecraft:stone_button":1,"minecraft:bread":166,"minecraft:cyan_carpet":35,"minecraft:lectern":48,"minecraft:diamond_ore":1,"minecraft:gravel":72,"minecraft:iron_door":1,"minecraft:deepslate":154,"minecraft:diamond_sword":689,"minecraft:grindstone":2,"minecraft:oak_boat":1,"minecraft:oak_hanging_sign":1,"minecraft:netherite_sword":191,"sophisticatedbackpacks:iron_backpack":1,"minecraft:stone_sword":13,"minecraft:stone_shovel":14,"minecraft:spruce_planks":34,"minecraft:torch":506,"minecraft:spyglass":2,"minecraft:hopper":4,"minecraft:spruce_stairs":4,"minecraft:dark_oak_planks":133,"minecraft:iron_axe":344,"minecraft:barrel":1,"minecraft:purple_concrete":2,"minecraft:acacia_wood":8,"minecraft:cooked_beef":23,"minecraft:acacia_planks":49,"minecraft:cobbled_deepslate":98,"minecraft:iron_leggings":1,"minecraft:water_bucket":87,"minecraft:cobblestone_slab":1,"minecraft:mossy_cobblestone":71,"minecraft:crafting_table":9,"minecraft:white_bed":2,"minecraft:painting":14,"minecraft:smoker":2,"minecraft:dark_oak_door":4,"minecraft:oak_log":4,"minecraft:dark_prismarine":4,"minecraft:diamond_pickaxe":2173,"minecraft:iron_pickaxe":619,"minecraft:purple_dye":1,"minecraft:stone_axe":136,"minecraft:cobblestone":624,"majruszsdifficulty:bandage":15,"minecraft:bucket":88,"minecraft:candle":1,"minecraft:birch_stairs":1},"minecraft:picked_up":{"minecraft:redstone_block":1,"minecraft:iron_chestplate":9,"minecraft:wheat":78,"minecraft:chainmail_boots":2,"minecraft:flower_pot":3,"minecraft:suspicious_stew":1,"minecraft:sentry_armor_trim_smithing_template":2,"minecraft:oak_stairs":3,"minecraft:enchanted_book":5,"minecraft:potion":4,"minecraft:music_disc_cat":7,"minecraft:string":216,"minecraft:dark_oak_trapdoor":25,"minecraft:soul_soil":1,"minecraft:raw_copper":269,"minecraft:oak_hanging_sign":1,"minecraft:explorer_pottery_sherd":5,"minecraft:red_nether_bricks":2,"minecraft:iron_leggings":6,"minecraft:experience_bottle":3,"minecraft:shroomlight":4,"minecraft:oak_sign":4,"minecraft:beetroot":3,"minecraft:sea_pickle":3,"minecraft:activator_rail":5,"minecraft:gold_nugget":2,"minecraft:smooth_stone":12,"minecraft:cobbled_deepslate":377,"minecraft:spruce_planks":55,"minecraft:cobblestone_slab":1,"minecraft:calcite":10,"minecraft:enchanted_golden_apple":3,"minecraft:iron_pickaxe":4,"minecraft:deepslate_iron_ore":4,"minecraft:deepslate_tile_wall":1,"minecraft:melon_slice":27,"minecraft:coal_block":6,"minecraft:smooth_quartz_stairs":1,"minecraft:iron_boots":2,"minecraft:furnace":7,"minecraft:tipped_arrow":13,"minecraft:stick":86,"minecraft:sheaf_pottery_sherd":1,"minecraft:jukebox":1,"minecraft:porkchop":114,"minecraft:birch_trapdoor":3,"minecraft:torch":309,"minecraft:acacia_log":9,"minecraft:spruce_stairs":9,"minecraft:diorite":1,"minecraft:vine":1,"minecraft:golden_chestplate":3,"minecraft:goat_horn":4,"minecraft:brown_carpet":1,"minecraft:orange_bed":1,"minecraft:stone_sword":7,"minecraft:honey_bottle":1,"minecraft:rotten_flesh":70,"minecraft:cyan_terracotta":18,"minecraft:iron_bars":2,"minecraft:cobblestone":1316,"minecraft:birch_log":22,"minecraft:magma_block":20,"minecraft:leather_chestplate":9,"minecraft:cooked_beef":2,"minecraft:lilac":1,"minecraft:iron_door":3,"minecraft:water_bucket":3,"minecraft:dark_oak_boat":4,"minecraft:brown_wool":1,"minecraft:golden_leggings":2,"minecraft:smoker":3,"minecraft:potato":52,"minecraft:flint":18,"minecraft:tuff":75,"minecraft:wither_skeleton_skull":1,"minecraft:mangrove_slab":4,"minecraft:lapis_lazuli":852,"minecraft:dirt":28,"minecraft:name_tag":5,"minecraft:leather_boots":6,"minecraft:purple_carpet":9,"minecraft:bone":180,"minecraft:acacia_planks":26,"minecraft:stonecutter":1,"minecraft:bow":12,"minecraft:orange_tulip":2,"minecraft:wheat_seeds":25,"minecraft:raw_gold":146,"minecraft:grindstone":1,"minecraft:rabbit":2,"minecraft:mossy_stone_bricks":2,"minecraft:glowstone_dust":1,"minecraft:powered_rail":4,"minecraft:moss_block":4,"minecraft:oak_planks":16,"minecraft:mossy_stone_brick_stairs":1,"endrem:lost_eye":2,"minecraft:stripped_acacia_wood":6,"minecraft:poisonous_potato":10,"minecraft:sand":11,"sophisticatedbackpacks:iron_backpack":3,"minecraft:acacia_stairs":1,"minecraft:dark_oak_log":67,"minecraft:barrel":8,"minecraft:mossy_cobblestone":91,"minecraft:dark_prismarine":17,"minecraft:blue_terracotta":7,"minecraft:deepslate":475,"minecraft:diamond":86,"minecraft:angler_pottery_sherd":1,"minecraft:deepslate_gold_ore":7,"minecraft:blue_ice":64,"minecraft:crossbow":4,"minecraft:grass":2,"minecraft:golden_horse_armor":1,"minecraft:golden_apple":2,"minecraft:emerald":10,"minecraft:bread":123,"minecraft:oak_sapling":21,"minecraft:diamond_pickaxe":3,"sophisticatedbackpacks:gold_backpack":1,"minecraft:charcoal":34,"minecraft:shelter_pottery_sherd":2,"minecraft:crafting_table":8,"minecraft:clay_ball":1,"minecraft:leather_leggings":4,"minecraft:brown_mushroom":9,"minecraft:wooden_pickaxe":1,"spelunkers_charm:deepslate_rock":16,"minecraft:diamond_horse_armor":1,"minecraft:shield":3,"minecraft:brick":25,"minecraft:oak_trapdoor":2,"minecraft:moss_carpet":85,"minecraft:iron_axe":2,"minecraft:flint_and_steel":1,"minecraft:netherite_scrap":4,"minecraft:iron_shovel":1,"minecraft:cyan_carpet":40,"minecraft:blackstone":117,"minecraft:blue_orchid":1,"minecraft:cracked_stone_bricks":3,"minecraft:detector_rail":11,"minecraft:netherite_sword":2,"minecraft:beef":37,"minecraft:oak_boat":1,"minecraft:player_head":5,"minecraft:spruce_slab":6,"minecraft:lectern":48,"minecraft:sugar_cane":114,"minecraft:chest":30,"minecraft:birch_sapling":2,"minecraft:piston":5,"minecraft:phantom_membrane":1,"minecraft:egg":3,"minecraft:dark_oak_sapling":8,"minecraft:raw_iron":442,"minecraft:sandstone":14,"minecraft:stripped_mangrove_wood":4,"minecraft:stone":32,"minecraft:oak_door":1,"minecraft:copper_ingot":1,"sophisticatedbackpacks:crafting_upgrade":1,"sophisticatedbackpacks:backpack":4,"minecraft:note_block":2,"minecraft:cake":1,"minecraft:mangrove_sign":2,"minecraft:carrot":53,"minecraft:redstone":830,"minecraft:netherite_pickaxe":1,"minecraft:dark_oak_planks":126,"minecraft:stone_shovel":4,"minecraft:arrow":133,"minecraft:beetroot_seeds":12,"minecraft:decorated_pot":1,"minecraft:pumpkin_pie":9,"minecraft:nether_bricks":1,"minecraft:hay_block":46,"sophisticatedbackpacks:copper_backpack":1,"minecraft:gold_ingot":36,"minecraft:saddle":2,"minecraft:glistering_melon_slice":8,"minecraft:glow_berries":20,"minecraft:mutton":42,"minecraft:rail":100,"minecraft:white_wool":64,"minecraft:netherite_boots":1,"minecraft:purple_dye":3,"minecraft:glow_ink_sac":4,"minecraft:tripwire_hook":4,"minecraft:leather":38,"minecraft:acacia_wood":27,"minecraft:filled_map":2,"minecraft:birch_planks":10,"spelunkers_charm:old_miners_bundle":9,"minecraft:oak_log":117,"minecraft:golden_boots":3,"minecraft:gunpowder":11,"minecraft:blue_bed":32,"bountiful:bounty":2,"minecraft:apple":15,"minecraft:stone_bricks":4,"minecraft:kelp":1,"minecraft:spruce_wood":2,"minecraft:iron_ingot":49,"minecraft:stone_pickaxe":2,"minecraft:blade_pottery_sherd":4,"minecraft:glass_bottle":12,"minecraft:iron_sword":8,"minecraft:acacia_sapling":3,"minecraft:dark_oak_stairs":2,"minecraft:purple_concrete":10,"minecraft:sculk_catalyst":1,"minecraft:book":360,"minecraft:smooth_basalt":2,"minecraft:dark_oak_slab":6,"minecraft:stone_brick_slab":1,"minecraft:red_wool":3,"minecraft:dandelion":1,"minecraft:spyglass":2,"minecraft:gravel":171,"minecraft:birch_stairs":3,"minecraft:spruce_log":4,"minecraft:blast_furnace":16,"minecraft:white_bed":4,"majruszsdifficulty:bandage":39,"minecraft:spider_eye":23,"minecraft:leather_helmet":10,"minecraft:pumpkin_seeds":19,"minecraft:slime_ball":27,"minecraft:stone_axe":4,"minecraft:diamond_axe":1,"minecraft:iron_helmet":2,"minecraft:painting":12,"minecraft:gray_wool":1,"minecraft:netherite_hoe":1,"minecraft:black_wool":2,"minecraft:damaged_anvil":9,"minecraft:melon_seeds":14,"minecraft:coal":435,"minecraft:ender_pearl":1},"minecraft:killed_by":{"minecraft:zombie":2,"minecraft:husk":1,"minecraft:rabbit":1},"minecraft:killed":{"minecraft:cave_spider":4,"minecraft:witch":1,"minecraft:spider":69,"minecraft:shulker":1,"minecraft:skeleton":124,"minecraft:silverfish":1,"mythicmounts:moth":1,"minecraft:zombie_villager":1,"minecraft:creeper":3,"minecraft:sheep":30,"minecraft:pillager":20,"minecraft:donkey":5,"minecraft:zombie":32,"minecraft:glow_squid":2,"minecraft:cow":19,"minecraft:vindicator":5,"minecraft:slime":2,"minecraft:horse":1,"minecraft:drowned":24,"minecraft:husk":8,"minecraft:rabbit":1,"majruszsdifficulty:cursed_armor":3,"minecraft:hoglin":55,"minecraft:wither_skeleton":51,"minecraft:enderman":1},"minecraft:dropped":{"minecraft:iron_sword":5,"minecraft:moss_block":4,"minecraft:diamond_axe":2,"minecraft:glass_bottle":12,"minecraft:decorated_pot":1,"minecraft:crossbow":4,"minecraft:dark_oak_slab":4,"minecraft:mossy_stone_brick_stairs":1,"minecraft:cracked_stone_bricks":1,"sophisticatedbackpacks:gold_backpack":1,"minecraft:leather_helmet":5,"minecraft:flint":13,"minecraft:dirt":7,"minecraft:dark_oak_trapdoor":10,"minecraft:writable_book":3,"minecraft:phantom_membrane":1,"minecraft:sand":9,"minecraft:dark_oak_planks":3,"minecraft:white_wool":13,"minecraft:bone":7,"minecraft:dark_oak_door":2,"minecraft:stone_axe":1,"bountiful:bounty":3,"minecraft:golden_chestplate":2,"minecraft:netherite_sword":1,"minecraft:rotten_flesh":46,"minecraft:glowstone_dust":1,"minecraft:acacia_stairs":1,"minecraft:leather_chestplate":6,"minecraft:beetroot_seeds":4,"minecraft:leather_boots":2,"minecraft:chainmail_boots":2,"minecraft:leather_leggings":2,"minecraft:painting":1,"minecraft:spruce_slab":2,"minecraft:arrow":45,"minecraft:oak_leaves":6,"minecraft:iron_ingot":5,"minecraft:purple_carpet":9,"minecraft:egg":2,"minecraft:golden_boots":3,"minecraft:vine":1,"minecraft:shelter_pottery_sherd":1,"minecraft:wheat_seeds":23,"minecraft:mossy_cobblestone":16,"minecraft:golden_horse_armor":1,"minecraft:diamond_leggings":1,"minecraft:poisonous_potato":10,"minecraft:iron_helmet":1,"minecraft:cobblestone":6,"minecraft:purple_concrete":8,"spelunkers_charm:deepslate_rock":2,"minecraft:gray_wool":1,"minecraft:torch":33,"minecraft:melon_slice":27,"minecraft:brown_wool":1,"minecraft:map":1,"minecraft:diamond_helmet":1,"minecraft:iron_leggings":1,"minecraft:oak_stairs":1,"minecraft:iron_axe":1,"sophisticatedbackpacks:crafting_upgrade":1,"minecraft:string":11,"minecraft:tripwire_hook":4,"minecraft:acacia_planks":1,"minecraft:stone_brick_slab":1,"minecraft:blue_terracotta":7,"minecraft:player_head":2,"minecraft:stone_sword":6,"minecraft:jukebox":1,"minecraft:deepslate":1,"minecraft:experience_bottle":1,"minecraft:stone_shovel":3,"minecraft:clay_ball":1,"minecraft:iron_boots":1,"minecraft:damaged_anvil":4,"minecraft:stripped_acacia_wood":3,"minecraft:diamond_sword":1,"minecraft:flint_and_steel":1,"minecraft:pumpkin_seeds":8,"minecraft:suspicious_stew":1,"minecraft:filled_map":1,"minecraft:cobblestone_slab":6,"minecraft:shroomlight":3,"minecraft:stone":5,"minecraft:shield":2,"minecraft:flower_pot":2,"minecraft:spruce_planks":8,"minecraft:diamond_pickaxe":3,"minecraft:iron_chestplate":6,"minecraft:golden_leggings":2,"minecraft:oak_sapling":2,"minecraft:spider_eye":5,"minecraft:sandstone":12,"minecraft:bow":4,"minecraft:wooden_pickaxe":2,"minecraft:dark_prismarine":11,"minecraft:black_wool":2},"minecraft:custom":{"minecraft:interact_with_crafting_table":44,"minecraft:open_barrel":56,"minecraft:eat_cake_slice":2,"minecraft:leave_game":3,"minecraft:time_since_death":128541,"minecraft:sprint_one_cm":862542,"minecraft:drop":207,"minecraft:play_noteblock":2,"minecraft:talked_to_villager":86,"minecraft:play_time":487421,"minecraft:deaths":5,"minecraft:jump":5222,"minecraft:walk_on_water_one_cm":221713,"minecraft:enchant_item":9,"minecraft:interact_with_furnace":44,"minecraft:sleep_in_bed":26,"minecraft:damage_dealt":103111,"minecraft:crouch_one_cm":181967,"minecraft:interact_with_smoker":11,"minecraft:horse_one_cm":1136121,"minecraft:interact_with_anvil":1,"minecraft:mob_kills":474,"minecraft:damage_dealt_resisted":1868,"minecraft:climb_one_cm":2189,"minecraft:walk_one_cm":1081254,"minecraft:damage_dealt_absorbed":292,"minecraft:sneak_time":76694,"minecraft:walk_under_water_one_cm":95605,"minecraft:boat_one_cm":81945,"minecraft:interact_with_blast_furnace":62,"minecraft:total_world_time":487421,"minecraft:interact_with_grindstone":9,"minecraft:time_since_rest":93871,"minecraft:damage_taken":11923,"minecraft:damage_absorbed":80,"minecraft:swim_one_cm":142269,"minecraft:fly_one_cm":745229,"minecraft:open_chest":798,"minecraft:fall_one_cm":120406},"minecraft:mined":{"minecraft:dark_oak_planks":136,"minecraft:spruce_planks":38,"minecraft:white_bed":3,"minecraft:oak_sapling":1,"minecraft:sculk_vein":1,"minecraft:red_nether_bricks":2,"minecraft:potted_blue_orchid":1,"minecraft:deepslate_tile_wall":1,"minecraft:acacia_log":9,"minecraft:grass_block":1,"minecraft:coal_block":4,"minecraft:spawner":9,"minecraft:chiseled_stone_bricks":1,"minecraft:tall_seagrass":5,"minecraft:magma_block":10,"minecraft:sculk_catalyst":2,"minecraft:dark_oak_trapdoor":25,"minecraft:cobbled_deepslate":46,"minecraft:iron_ore":161,"minecraft:barrel":8,"minecraft:fire":1,"minecraft:moss_carpet":5,"minecraft:deepslate_lapis_ore":44,"minecraft:dark_oak_stairs":1,"minecraft:oak_stairs":3,"minecraft:iron_bars":1,"minecraft:purple_carpet":9,"minecraft:spruce_wood":1,"minecraft:stripped_mangrove_wood":4,"minecraft:player_head":1,"minecraft:spruce_slab":6,"minecraft:tripwire":1,"minecraft:orange_bed":1,"minecraft:deepslate_redstone_ore":114,"minecraft:brown_mushroom":10,"minecraft:cyan_terracotta":22,"minecraft:blackstone":68,"minecraft:kelp_plant":1,"minecraft:smoker":3,"minecraft:soul_fire":4,"minecraft:torch":27,"minecraft:note_block":2,"minecraft:blast_furnace":11,"minecraft:calcite":11,"minecraft:melon":9,"minecraft:chest":30,"minecraft:cobblestone":127,"minecraft:grindstone":1,"minecraft:oak_planks":12,"minecraft:sugar_cane":49,"minecraft:damaged_anvil":7,"minecraft:iron_door":1,"minecraft:wall_torch":44,"minecraft:deepslate_copper_ore":5,"minecraft:seagrass":5,"minecraft:blue_terracotta":7,"minecraft:dark_oak_slab":6,"minecraft:birch_log":10,"minecraft:wheat":2,"minecraft:blue_ice":67,"minecraft:birch_trapdoor":3,"minecraft:jukebox":1,"minecraft:orange_tulip":2,"minecraft:grass":49,"minecraft:oak_log":45,"minecraft:sand":17,"minecraft:dirt":35,"minecraft:smooth_basalt":1,"minecraft:stonecutter":1,"minecraft:piston":6,"minecraft:deepslate":784,"minecraft:infested_deepslate":1,"minecraft:dark_prismarine":23,"minecraft:diamond_ore":1,"minecraft:tuff":49,"minecraft:mossy_cobblestone":92,"minecraft:deepslate_diamond_ore":43,"minecraft:oak_door":1,"minecraft:dark_oak_log":61,"minecraft:mangrove_wall_sign":1,"minecraft:nether_bricks":2,"minecraft:decorated_pot":10,"minecraft:soul_campfire":1,"minecraft:moss_block":3,"minecraft:sandstone":26,"minecraft:large_fern":5,"minecraft:hay_block":46,"spelunkers_charm:deepslate_rock_pile_1":1,"minecraft:redstone_ore":18,"minecraft:oak_trapdoor":2,"minecraft:furnace":5,"minecraft:carrots":2,"minecraft:acacia_wood":25,"minecraft:suspicious_sand":1,"minecraft:acacia_stairs":1,"minecraft:shroomlight":3,"minecraft:mossy_stone_brick_stairs":1,"minecraft:bookshelf":108,"minecraft:cobblestone_slab":1,"minecraft:deepslate_iron_ore":249,"minecraft:vine":1,"minecraft:rail":37,"minecraft:smooth_quartz_stairs":1,"minecraft:stone":479,"sophisticatedbackpacks:backpack":2,"minecraft:white_wool":4,"minecraft:potted_allium":1,"minecraft:birch_stairs":1,"minecraft:redstone_block":1,"minecraft:brown_carpet":1,"minecraft:stone_brick_slab":1,"minecraft:crafting_table":7,"minecraft:lectern":49,"minecraft:tall_grass":33,"minecraft:copper_ore":48,"minecraft:deepslate_coal_ore":4,"minecraft:deepslate_gold_ore":73,"minecraft:lapis_ore":25,"minecraft:sculk":4,"minecraft:diorite":1,"minecraft:blue_bed":29,"minecraft:spruce_stairs":8,"minecraft:birch_planks":7,"minecraft:purple_bed":1,"minecraft:spruce_log":4,"minecraft:purple_concrete":10,"minecraft:dark_prismarine_slab":1,"minecraft:mangrove_slab":4,"minecraft:coal_ore":224,"minecraft:cyan_carpet":17,"minecraft:gravel":169,"minecraft:cobweb":106,"minecraft:cracked_stone_bricks":2,"minecraft:acacia_planks":25,"minecraft:stripped_acacia_wood":9,"minecraft:stone_bricks":2,"minecraft:mossy_stone_bricks":1,"minecraft:gold_ore":20,"minecraft:fern":2}},"DataVersion":3465}