{"stats":{"minecraft:crafted":{"minecraft:oak_planks":32,"minecraft:smooth_stone":5,"minecraft:stone_shovel":1,"minecraft:furnace":3,"minecraft:blast_furnace":1,"sophisticatedbackpacks:stack_upgrade_starter_tier":1,"minecraft:stone":14,"sophisticatedbackpacks:crafting_upgrade":1,"minecraft:cooked_mutton":11,"minecraft:iron_boots":1,"sophisticatedbackpacks:copper_backpack":1,"minecraft:iron_axe":1,"minecraft:stone_pickaxe":2,"minecraft:chest":5,"minecraft:copper_block":5,"minecraft:smoker":1,"sophisticatedbackpacks:iron_backpack":1,"minecraft:wheat":54,"minecraft:cooked_beef":23,"sophisticatedbackpacks:backpack":1,"minecraft:crafting_table":3,"minecraft:wooden_pickaxe":1,"majruszsdifficulty:bandage":4,"minecraft:iron_sword":2,"minecraft:copper_ingot":135,"minecraft:birch_planks":40,"sophisticatedbackpacks:upgrade_base":2,"minecraft:stone_axe":1,"minecraft:bread":18,"minecraft:air":0,"minecraft:oak_boat":1,"minecraft:diamond_pickaxe":1,"minecraft:stick":12,"minecraft:iron_ingot":48,"minecraft:iron_pickaxe":2,"minecraft:stone_sword":1,"minecraft:iron_shovel":1,"minecraft:torch":48},"minecraft:broken":{"minecraft:leather_helmet":2,"minecraft:stone_pickaxe":1,"minecraft:iron_sword":1,"minecraft:leather_boots":1,"minecraft:stone_axe":1,"minecraft:iron_pickaxe":2},"minecraft:used":{"minecraft:stone_shovel":14,"minecraft:chest":7,"minecraft:iron_sword":401,"minecraft:torch":108,"minecraft:carrot":2,"minecraft:tuff":3,"minecraft:cyan_terracotta":1,"minecraft:birch_sapling":2,"minecraft:furnace":5,"minecraft:oak_sapling":21,"minecraft:cooked_beef":12,"minecraft:potato":2,"minecraft:cobbled_deepslate":1,"minecraft:iron_leggings":1,"minecraft:water_bucket":20,"minecraft:stone_pickaxe":210,"minecraft:blackstone":1,"minecraft:orange_tulip":1,"minecraft:wooden_pickaxe":3,"minecraft:blue_bed":8,"minecraft:sugar_cane":20,"minecraft:golden_apple":1,"minecraft:mossy_cobblestone":1,"minecraft:crafting_table":7,"minecraft:blast_furnace":1,"minecraft:smoker":1,"minecraft:white_bed":2,"minecraft:oak_log":4,"minecraft:diamond_pickaxe":148,"minecraft:bread":26,"minecraft:iron_pickaxe":503,"minecraft:stone_axe":136,"minecraft:cobblestone":143,"majruszsdifficulty:bandage":3,"minecraft:bucket":21,"minecraft:oak_boat":1},"minecraft:picked_up":{"minecraft:crafting_table":7,"minecraft:shelter_pottery_sherd":2,"minecraft:iron_chestplate":3,"minecraft:wheat":4,"minecraft:suspicious_stew":1,"minecraft:brown_mushroom":9,"minecraft:wooden_pickaxe":1,"minecraft:oak_stairs":1,"spelunkers_charm:deepslate_rock":3,"minecraft:enchanted_book":1,"minecraft:brick":3,"minecraft:music_disc_cat":5,"minecraft:string":74,"minecraft:moss_carpet":85,"minecraft:raw_copper":226,"minecraft:iron_leggings":3,"minecraft:blackstone":60,"minecraft:cracked_stone_bricks":2,"minecraft:detector_rail":6,"minecraft:cobbled_deepslate":62,"minecraft:smooth_stone":10,"minecraft:beef":31,"minecraft:oak_boat":1,"minecraft:iron_pickaxe":4,"minecraft:sugar_cane":20,"minecraft:chest":5,"minecraft:birch_sapling":2,"minecraft:furnace":6,"minecraft:egg":3,"minecraft:dark_oak_sapling":8,"minecraft:stick":50,"minecraft:raw_iron":131,"minecraft:sheaf_pottery_sherd":1,"minecraft:stone":18,"sophisticatedbackpacks:crafting_upgrade":1,"minecraft:torch":129,"minecraft:carrot":3,"minecraft:redstone":123,"minecraft:arrow":21,"minecraft:rotten_flesh":12,"minecraft:stone_shovel":3,"minecraft:beetroot_seeds":12,"minecraft:hay_block":6,"minecraft:cyan_terracotta":1,"minecraft:saddle":1,"minecraft:gold_ingot":1,"minecraft:mutton":14,"minecraft:iron_bars":2,"minecraft:white_wool":8,"minecraft:rail":10,"minecraft:cobblestone":765,"minecraft:birch_log":22,"minecraft:magma_block":10,"minecraft:lilac":1,"minecraft:iron_door":2,"minecraft:water_bucket":2,"minecraft:leather":15,"minecraft:smoker":1,"minecraft:potato":6,"minecraft:birch_planks":2,"spelunkers_charm:old_miners_bundle":3,"minecraft:tuff":28,"minecraft:oak_log":112,"minecraft:gunpowder":9,"minecraft:lapis_lazuli":134,"minecraft:blue_bed":11,"minecraft:dirt":12,"minecraft:grindstone":1,"minecraft:name_tag":1,"minecraft:leather_boots":3,"minecraft:raw_gold":8,"minecraft:bone":13,"minecraft:apple":9,"minecraft:stone_bricks":2,"minecraft:bow":2,"minecraft:wheat_seeds":17,"minecraft:orange_tulip":1,"minecraft:iron_ingot":9,"minecraft:stone_pickaxe":2,"minecraft:mossy_stone_brick_stairs":1,"minecraft:mossy_stone_bricks":2,"minecraft:rabbit":2,"minecraft:glowstone_dust":1,"minecraft:powered_rail":2,"minecraft:moss_block":4,"minecraft:iron_sword":3,"minecraft:oak_planks":1,"minecraft:book":61,"minecraft:smooth_basalt":1,"minecraft:stone_brick_slab":1,"minecraft:dandelion":1,"sophisticatedbackpacks:iron_backpack":1,"majruszsdifficulty:bandage":8,"minecraft:white_bed":4,"minecraft:dark_oak_log":37,"minecraft:leather_helmet":4,"minecraft:spider_eye":3,"minecraft:mossy_cobblestone":3,"minecraft:pumpkin_seeds":12,"minecraft:diamond":19,"minecraft:angler_pottery_sherd":1,"minecraft:stone_axe":4,"minecraft:golden_apple":1,"minecraft:bread":37,"minecraft:emerald":4,"minecraft:oak_sapling":21,"minecraft:melon_seeds":2,"minecraft:coal":173},"minecraft:killed_by":{"minecraft:rabbit":1,"minecraft:zombie":1},"minecraft:killed":{"minecraft:witch":1,"minecraft:spider":4,"minecraft:vindicator":2,"minecraft:skeleton":12,"minecraft:silverfish":1,"minecraft:drowned":6,"mythicmounts:moth":1,"minecraft:zombie_villager":1,"minecraft:rabbit":1,"majruszsdifficulty:cursed_armor":2,"minecraft:creeper":1,"minecraft:sheep":9,"minecraft:pillager":2,"minecraft:donkey":2,"minecraft:zombie":15,"minecraft:wither_skeleton":1,"minecraft:cow":15},"minecraft:dropped":{"minecraft:moss_block":4,"minecraft:shelter_pottery_sherd":1,"minecraft:wheat_seeds":15,"minecraft:mossy_cobblestone":1,"minecraft:mossy_stone_brick_stairs":1,"minecraft:oak_stairs":1,"sophisticatedbackpacks:crafting_upgrade":1,"minecraft:string":10,"minecraft:stone_brick_slab":1,"minecraft:stone_axe":1,"minecraft:stone_sword":1,"minecraft:stone_shovel":1,"minecraft:rotten_flesh":2,"minecraft:glowstone_dust":1,"minecraft:suspicious_stew":1,"minecraft:pumpkin_seeds":8,"minecraft:beetroot_seeds":4,"minecraft:bow":1,"minecraft:wooden_pickaxe":2,"minecraft:egg":2},"minecraft:custom":{"minecraft:mob_kills":78,"minecraft:interact_with_crafting_table":32,"minecraft:damage_dealt_resisted":407,"minecraft:leave_game":1,"minecraft:time_since_death":43429,"minecraft:climb_one_cm":628,"minecraft:sprint_one_cm":176523,"minecraft:walk_one_cm":232426,"minecraft:drop":28,"minecraft:damage_dealt_absorbed":52,"minecraft:talked_to_villager":7,"minecraft:play_time":113525,"minecraft:sneak_time":18030,"minecraft:deaths":3,"minecraft:walk_under_water_one_cm":13584,"minecraft:boat_one_cm":6345,"minecraft:jump":1238,"minecraft:interact_with_blast_furnace":23,"minecraft:walk_on_water_one_cm":46669,"minecraft:total_world_time":113525,"minecraft:interact_with_furnace":38,"minecraft:sleep_in_bed":10,"minecraft:time_since_rest":4490,"minecraft:damage_taken":3923,"minecraft:damage_absorbed":40,"minecraft:damage_dealt":13099,"minecraft:swim_one_cm":29531,"minecraft:fly_one_cm":167935,"minecraft:open_chest":132,"minecraft:crouch_one_cm":40003,"minecraft:interact_with_smoker":9,"minecraft:fall_one_cm":36918,"minecraft:horse_one_cm":220639},"minecraft:mined":{"minecraft:infested_deepslate":1,"minecraft:tuff":29,"minecraft:white_bed":3,"minecraft:oak_sapling":1,"minecraft:mossy_cobblestone":3,"minecraft:deepslate_diamond_ore":17,"minecraft:dark_oak_log":61,"minecraft:decorated_pot":1,"minecraft:moss_block":3,"spelunkers_charm:deepslate_rock_pile_1":1,"minecraft:large_fern":5,"minecraft:hay_block":6,"minecraft:tall_seagrass":2,"minecraft:magma_block":10,"minecraft:furnace":4,"minecraft:carrots":2,"minecraft:fire":1,"minecraft:iron_ore":27,"minecraft:cobbled_deepslate":5,"minecraft:moss_carpet":5,"minecraft:deepslate_lapis_ore":10,"minecraft:vine":1,"minecraft:mossy_stone_brick_stairs":1,"minecraft:bookshelf":10,"minecraft:deepslate_iron_ore":94,"minecraft:oak_stairs":1,"minecraft:iron_bars":1,"minecraft:stone":319,"minecraft:deepslate_redstone_ore":26,"minecraft:brown_mushroom":10,"minecraft:cyan_terracotta":5,"minecraft:blackstone":68,"minecraft:smoker":1,"minecraft:stone_brick_slab":1,"minecraft:crafting_table":6,"minecraft:torch":7,"minecraft:grindstone":1,"minecraft:deepslate_gold_ore":8,"minecraft:chest":4,"minecraft:copper_ore":42,"minecraft:tall_grass":12,"minecraft:cobblestone":36,"minecraft:blue_bed":9,"minecraft:lapis_ore":7,"minecraft:sugar_cane":11,"minecraft:oak_planks":1,"minecraft:wall_torch":7,"minecraft:iron_door":1,"minecraft:deepslate_copper_ore":4,"minecraft:birch_log":10,"minecraft:wheat":2,"minecraft:orange_tulip":1,"minecraft:grass":23,"minecraft:coal_ore":67,"minecraft:oak_log":40,"minecraft:dirt":12,"minecraft:cobweb":66,"minecraft:smooth_basalt":1,"minecraft:cracked_stone_bricks":1,"minecraft:stone_bricks":1,"minecraft:mossy_stone_bricks":1,"minecraft:deepslate":60,"minecraft:fern":2}},"DataVersion":3465}