{"stats":{"minecraft:crafted":{"minecraft:smooth_stone":5,"minecraft:stone_shovel":1,"minecraft:crafting_table":1,"minecraft:wooden_pickaxe":1,"minecraft:iron_sword":1,"minecraft:furnace":2,"minecraft:stone":14,"minecraft:birch_planks":20,"minecraft:stone_axe":1,"minecraft:bread":18,"minecraft:air":0,"minecraft:stick":8,"minecraft:iron_ingot":15,"minecraft:iron_pickaxe":1,"minecraft:stone_pickaxe":2,"minecraft:stone_sword":1,"minecraft:chest":1,"minecraft:torch":48,"minecraft:wheat":54},"minecraft:broken":{"minecraft:stone_pickaxe":1},"minecraft:used":{"minecraft:stone_shovel":7,"minecraft:stone_pickaxe":210,"minecraft:orange_tulip":1,"minecraft:chest":1,"minecraft:wooden_pickaxe":3,"minecraft:iron_sword":67,"minecraft:sugar_cane":8,"minecraft:torch":36,"minecraft:golden_apple":1,"minecraft:mossy_cobblestone":1,"minecraft:crafting_table":5,"minecraft:carrot":2,"minecraft:white_bed":2,"minecraft:oak_log":4,"minecraft:bread":9,"minecraft:birch_sapling":2,"minecraft:iron_pickaxe":206,"minecraft:stone_axe":57,"minecraft:cobblestone":21,"minecraft:oak_sapling":21,"minecraft:furnace":4,"minecraft:bucket":1,"minecraft:potato":2},"minecraft:picked_up":{"minecraft:birch_log":17,"minecraft:iron_chestplate":1,"minecraft:crafting_table":5,"minecraft:wheat":1,"minecraft:wooden_pickaxe":1,"minecraft:oak_stairs":1,"minecraft:potato":2,"minecraft:birch_planks":1,"minecraft:oak_log":76,"minecraft:gunpowder":9,"minecraft:music_disc_cat":3,"minecraft:string":18,"minecraft:lapis_lazuli":34,"minecraft:dirt":7,"minecraft:raw_copper":212,"minecraft:iron_leggings":1,"minecraft:leather_boots":1,"minecraft:apple":6,"minecraft:wheat_seeds":8,"minecraft:orange_tulip":1,"minecraft:smooth_stone":5,"minecraft:stone_pickaxe":1,"minecraft:rabbit":1,"minecraft:iron_pickaxe":1,"minecraft:chest":2,"minecraft:sugar_cane":8,"minecraft:iron_sword":1,"minecraft:birch_sapling":2,"minecraft:furnace":5,"minecraft:book":1,"minecraft:stick":34,"minecraft:raw_iron":27,"minecraft:stone":9,"minecraft:torch":43,"minecraft:white_bed":4,"minecraft:carrot":2,"minecraft:leather_helmet":2,"minecraft:mossy_cobblestone":3,"minecraft:pumpkin_seeds":4,"minecraft:arrow":4,"minecraft:stone_shovel":1,"minecraft:beetroot_seeds":4,"minecraft:stone_axe":2,"minecraft:hay_block":6,"minecraft:golden_apple":1,"minecraft:saddle":1,"minecraft:bread":19,"minecraft:gold_ingot":1,"minecraft:oak_sapling":21,"minecraft:coal":154,"minecraft:cobblestone":419},"minecraft:killed_by":{"minecraft:rabbit":1},"minecraft:killed":{"minecraft:rabbit":1,"majruszsdifficulty:cursed_armor":2,"minecraft:skeleton":2},"minecraft:dropped":{"minecraft:stone_axe":1,"minecraft:wheat_seeds":7,"minecraft:stone_sword":1,"minecraft:mossy_cobblestone":1,"minecraft:oak_stairs":1,"minecraft:wooden_pickaxe":2},"minecraft:custom":{"minecraft:interact_with_furnace":25,"minecraft:mob_kills":6,"minecraft:interact_with_crafting_table":16,"minecraft:damage_dealt_resisted":407,"minecraft:time_since_death":11622,"minecraft:sleep_in_bed":2,"minecraft:climb_one_cm":628,"minecraft:time_since_rest":9649,"minecraft:damage_absorbed":40,"minecraft:sprint_one_cm":39017,"minecraft:damage_taken":872,"minecraft:walk_one_cm":66940,"minecraft:drop":9,"minecraft:damage_dealt":1798,"minecraft:swim_one_cm":5242,"minecraft:talked_to_villager":3,"minecraft:fly_one_cm":39017,"minecraft:open_chest":25,"minecraft:crouch_one_cm":13001,"minecraft:play_time":31389,"minecraft:deaths":1,"minecraft:sneak_time":6426,"minecraft:walk_under_water_one_cm":349,"minecraft:jump":261,"minecraft:walk_on_water_one_cm":4230,"minecraft:total_world_time":31389,"minecraft:fall_one_cm":5443,"minecraft:horse_one_cm":38691},"minecraft:mined":{"minecraft:white_bed":3,"minecraft:oak_sapling":1,"minecraft:mossy_cobblestone":3,"minecraft:crafting_table":4,"minecraft:torch":3,"minecraft:chest":2,"minecraft:cobblestone":19,"minecraft:tall_grass":8,"minecraft:copper_ore":42,"minecraft:lapis_ore":3,"minecraft:sugar_cane":3,"minecraft:wall_torch":2,"minecraft:hay_block":6,"minecraft:furnace":3,"minecraft:carrots":2,"minecraft:birch_log":10,"minecraft:iron_ore":21,"minecraft:wheat":2,"minecraft:orange_tulip":1,"minecraft:grass":13,"minecraft:oak_log":40,"minecraft:coal_ore":65,"minecraft:oak_stairs":1,"minecraft:dirt":7,"minecraft:cobweb":9,"minecraft:stone":258}},"DataVersion":3465}