{"stats":{"minecraft:crafted":{"minecraft:smooth_stone":5,"minecraft:stone_shovel":1,"minecraft:crafting_table":1,"minecraft:wooden_pickaxe":1,"minecraft:iron_sword":1,"minecraft:furnace":2,"minecraft:stone":14,"minecraft:birch_planks":12,"minecraft:stone_axe":1,"minecraft:bread":18,"minecraft:air":0,"minecraft:stick":8,"minecraft:iron_ingot":5,"minecraft:iron_pickaxe":1,"minecraft:stone_pickaxe":2,"minecraft:stone_sword":1,"minecraft:torch":48,"minecraft:wheat":54},"minecraft:broken":{"minecraft:stone_pickaxe":1},"minecraft:used":{"minecraft:stone_shovel":7,"minecraft:stone_pickaxe":210,"minecraft:orange_tulip":1,"minecraft:wooden_pickaxe":3,"minecraft:iron_sword":18,"minecraft:sugar_cane":8,"minecraft:torch":18,"minecraft:crafting_table":4,"minecraft:white_bed":1,"minecraft:bread":2,"minecraft:birch_sapling":2,"minecraft:iron_pickaxe":111,"minecraft:stone_axe":50,"minecraft:cobblestone":4,"minecraft:oak_sapling":21,"minecraft:furnace":3},"minecraft:picked_up":{"minecraft:birch_log":10,"minecraft:crafting_table":4,"minecraft:wooden_pickaxe":1,"minecraft:oak_log":36,"minecraft:lapis_lazuli":17,"minecraft:dirt":7,"minecraft:raw_copper":98,"minecraft:apple":3,"minecraft:wheat_seeds":4,"minecraft:orange_tulip":1,"minecraft:sugar_cane":8,"minecraft:birch_sapling":2,"minecraft:furnace":3,"minecraft:stick":26,"minecraft:raw_iron":15,"minecraft:torch":5,"minecraft:white_bed":2,"minecraft:mossy_cobblestone":1,"minecraft:arrow":2,"minecraft:stone_axe":1,"minecraft:hay_block":6,"minecraft:oak_sapling":21,"minecraft:coal":105,"minecraft:cobblestone":196},"minecraft:killed":{"majruszsdifficulty:cursed_armor":1,"minecraft:skeleton":1},"minecraft:dropped":{"minecraft:stone_axe":1,"minecraft:wheat_seeds":4,"minecraft:stone_sword":1,"minecraft:wooden_pickaxe":2},"minecraft:custom":{"minecraft:interact_with_furnace":13,"minecraft:mob_kills":2,"minecraft:interact_with_crafting_table":12,"minecraft:damage_dealt_resisted":108,"minecraft:time_since_death":19389,"minecraft:sleep_in_bed":1,"minecraft:time_since_rest":14848,"minecraft:sprint_one_cm":23406,"minecraft:damage_taken":115,"minecraft:walk_one_cm":27740,"minecraft:drop":6,"minecraft:damage_dealt":645,"minecraft:swim_one_cm":5242,"minecraft:talked_to_villager":2,"minecraft:fly_one_cm":21903,"minecraft:open_chest":7,"minecraft:crouch_one_cm":11032,"minecraft:play_time":19389,"minecraft:sneak_time":5466,"minecraft:walk_under_water_one_cm":293,"minecraft:jump":136,"minecraft:walk_on_water_one_cm":2781,"minecraft:total_world_time":19389,"minecraft:fall_one_cm":3376,"minecraft:horse_one_cm":38691},"minecraft:mined":{"minecraft:white_bed":2,"minecraft:oak_sapling":1,"minecraft:mossy_cobblestone":1,"minecraft:crafting_table":4,"minecraft:torch":2,"minecraft:cobblestone":5,"minecraft:tall_grass":5,"minecraft:copper_ore":29,"minecraft:lapis_ore":3,"minecraft:sugar_cane":3,"minecraft:wall_torch":2,"minecraft:hay_block":6,"minecraft:furnace":3,"minecraft:birch_log":10,"minecraft:iron_ore":15,"minecraft:orange_tulip":1,"minecraft:grass":5,"minecraft:oak_log":36,"minecraft:coal_ore":64,"minecraft:dirt":7,"minecraft:stone":201}},"DataVersion":3465}