{"stats":{"minecraft:broken":{"minecraft:stone_pickaxe":1,"minecraft:stone_axe":1,"minecraft:iron_sword":2,"minecraft:leather_helmet":2,"minecraft:leather_boots":1,"minecraft:iron_pickaxe":2},"minecraft:crafted":{"minecraft:smooth_stone":5,"minecraft:oak_planks":32,"minecraft:stone":14,"sophisticatedbackpacks:crafting_upgrade":1,"minecraft:cooked_mutton":11,"minecraft:iron_boots":1,"sophisticatedbackpacks:copper_backpack":1,"minecraft:chest":5,"minecraft:copper_block":5,"minecraft:smoker":1,"sophisticatedbackpacks:backpack":1,"minecraft:crafting_table":3,"minecraft:wooden_pickaxe":1,"majruszsdifficulty:bandage":4,"minecraft:copper_ingot":135,"minecraft:birch_planks":40,"sophisticatedbackpacks:upgrade_base":2,"minecraft:diamond_pickaxe":1,"minecraft:stick":12,"minecraft:iron_ingot":48,"minecraft:iron_pickaxe":2,"minecraft:stone_sword":1,"minecraft:stone_shovel":1,"minecraft:furnace":3,"minecraft:blast_furnace":1,"sophisticatedbackpacks:stack_upgrade_starter_tier":1,"minecraft:iron_axe":1,"minecraft:stone_pickaxe":2,"minecraft:wheat":207,"sophisticatedbackpacks:iron_backpack":1,"minecraft:cooked_beef":23,"minecraft:iron_sword":2,"minecraft:stone_axe":1,"minecraft:bread":69,"minecraft:air":0,"minecraft:oak_boat":1,"minecraft:iron_shovel":1,"minecraft:torch":48},"minecraft:used":{"minecraft:iron_shovel":2,"minecraft:oak_sign":1,"minecraft:chest":18,"minecraft:iron_sword":519,"minecraft:carrot":2,"minecraft:tuff":3,"minecraft:cyan_terracotta":3,"minecraft:birch_sapling":2,"minecraft:brown_carpet":1,"minecraft:oak_sapling":21,"minecraft:furnace":5,"minecraft:potato":2,"minecraft:stone_pickaxe":210,"minecraft:oak_planks":11,"minecraft:orange_tulip":1,"minecraft:blackstone":3,"minecraft:wooden_pickaxe":3,"minecraft:blue_bed":10,"minecraft:sugar_cane":20,"minecraft:white_wool":26,"minecraft:golden_apple":1,"minecraft:blast_furnace":1,"minecraft:bread":29,"minecraft:oak_boat":1,"minecraft:stone_sword":12,"minecraft:stone_shovel":14,"minecraft:spruce_planks":3,"minecraft:torch":123,"minecraft:iron_axe":96,"minecraft:barrel":1,"minecraft:purple_concrete":2,"minecraft:cooked_beef":23,"minecraft:cobbled_deepslate":1,"minecraft:iron_leggings":1,"minecraft:water_bucket":20,"minecraft:mossy_cobblestone":1,"minecraft:crafting_table":7,"minecraft:white_bed":2,"minecraft:painting":14,"minecraft:smoker":1,"minecraft:oak_log":4,"minecraft:diamond_pickaxe":197,"minecraft:iron_pickaxe":503,"minecraft:purple_dye":1,"minecraft:stone_axe":136,"minecraft:cobblestone":143,"majruszsdifficulty:bandage":4,"minecraft:bucket":22,"minecraft:candle":1},"minecraft:picked_up":{"minecraft:iron_chestplate":6,"minecraft:wheat":54,"minecraft:suspicious_stew":1,"minecraft:flower_pot":3,"minecraft:sentry_armor_trim_smithing_template":2,"minecraft:oak_stairs":3,"minecraft:enchanted_book":3,"minecraft:music_disc_cat":5,"minecraft:string":107,"minecraft:raw_copper":226,"minecraft:iron_leggings":4,"minecraft:experience_bottle":2,"minecraft:oak_sign":4,"minecraft:smooth_stone":10,"minecraft:cobbled_deepslate":62,"minecraft:spruce_planks":19,"minecraft:iron_pickaxe":4,"minecraft:melon_slice":27,"minecraft:iron_boots":1,"minecraft:furnace":6,"minecraft:stick":85,"minecraft:sheaf_pottery_sherd":1,"minecraft:jukebox":1,"minecraft:torch":133,"minecraft:vine":1,"minecraft:goat_horn":4,"minecraft:brown_carpet":1,"minecraft:orange_bed":1,"minecraft:stone_sword":5,"minecraft:rotten_flesh":14,"minecraft:cyan_terracotta":8,"minecraft:iron_bars":2,"minecraft:cobblestone":765,"minecraft:birch_log":22,"minecraft:magma_block":10,"minecraft:leather_chestplate":5,"minecraft:cooked_beef":2,"minecraft:lilac":1,"minecraft:iron_door":2,"minecraft:water_bucket":2,"minecraft:golden_leggings":2,"minecraft:smoker":1,"minecraft:potato":52,"minecraft:tuff":28,"minecraft:lapis_lazuli":134,"minecraft:dirt":15,"minecraft:name_tag":1,"minecraft:leather_boots":5,"minecraft:purple_carpet":9,"minecraft:bone":32,"minecraft:bow":3,"minecraft:stonecutter":1,"minecraft:orange_tulip":1,"minecraft:wheat_seeds":22,"minecraft:raw_gold":8,"minecraft:grindstone":1,"minecraft:glowstone_dust":1,"minecraft:rabbit":2,"minecraft:mossy_stone_bricks":2,"minecraft:powered_rail":2,"minecraft:moss_block":4,"minecraft:oak_planks":12,"minecraft:mossy_stone_brick_stairs":1,"minecraft:poisonous_potato":10,"sophisticatedbackpacks:iron_backpack":1,"minecraft:dark_oak_log":67,"minecraft:barrel":7,"minecraft:mossy_cobblestone":3,"minecraft:blue_terracotta":7,"minecraft:diamond":19,"minecraft:angler_pottery_sherd":1,"minecraft:crossbow":4,"minecraft:grass":2,"minecraft:golden_apple":1,"minecraft:emerald":6,"minecraft:bread":37,"minecraft:oak_sapling":21,"minecraft:shelter_pottery_sherd":2,"minecraft:charcoal":17,"minecraft:crafting_table":7,"minecraft:clay_ball":1,"minecraft:brown_mushroom":9,"minecraft:wooden_pickaxe":1,"spelunkers_charm:deepslate_rock":3,"minecraft:brick":3,"minecraft:oak_trapdoor":2,"minecraft:moss_carpet":85,"minecraft:iron_axe":1,"minecraft:blackstone":60,"minecraft:blue_orchid":1,"minecraft:cracked_stone_bricks":2,"minecraft:detector_rail":6,"minecraft:beef":35,"minecraft:oak_boat":1,"minecraft:spruce_slab":1,"minecraft:lectern":2,"minecraft:sugar_cane":44,"minecraft:chest":16,"minecraft:birch_sapling":2,"minecraft:piston":4,"minecraft:egg":3,"minecraft:dark_oak_sapling":8,"minecraft:raw_iron":131,"minecraft:stone":18,"sophisticatedbackpacks:crafting_upgrade":1,"minecraft:carrot":37,"minecraft:redstone":123,"minecraft:stone_shovel":3,"minecraft:arrow":38,"minecraft:beetroot_seeds":12,"minecraft:hay_block":46,"minecraft:saddle":1,"minecraft:gold_ingot":1,"minecraft:rail":10,"minecraft:mutton":18,"minecraft:white_wool":40,"minecraft:purple_dye":3,"minecraft:tripwire_hook":4,"minecraft:leather":20,"minecraft:birch_planks":2,"minecraft:filled_map":2,"spelunkers_charm:old_miners_bundle":3,"minecraft:oak_log":112,"minecraft:golden_boots":3,"minecraft:gunpowder":9,"minecraft:blue_bed":13,"minecraft:apple":9,"minecraft:stone_bricks":2,"minecraft:iron_ingot":21,"minecraft:stone_pickaxe":2,"minecraft:glass_bottle":12,"minecraft:iron_sword":4,"minecraft:acacia_sapling":3,"minecraft:purple_concrete":10,"minecraft:book":108,"minecraft:dark_oak_slab":2,"minecraft:smooth_basalt":1,"minecraft:stone_brick_slab":1,"minecraft:dandelion":1,"minecraft:white_bed":4,"majruszsdifficulty:bandage":8,"minecraft:spider_eye":3,"minecraft:leather_helmet":8,"minecraft:pumpkin_seeds":12,"minecraft:slime_ball":24,"minecraft:stone_axe":4,"minecraft:painting":12,"minecraft:damaged_anvil":8,"minecraft:melon_seeds":2,"minecraft:coal":180},"minecraft:killed_by":{"minecraft:zombie":1,"minecraft:rabbit":1},"minecraft:killed":{"minecraft:witch":1,"minecraft:spider":4,"minecraft:skeleton":12,"minecraft:silverfish":1,"mythicmounts:moth":1,"minecraft:zombie_villager":1,"minecraft:creeper":1,"minecraft:sheep":13,"minecraft:pillager":20,"minecraft:donkey":2,"minecraft:zombie":16,"minecraft:cow":18,"minecraft:vindicator":5,"minecraft:horse":1,"minecraft:drowned":6,"minecraft:rabbit":1,"majruszsdifficulty:cursed_armor":2,"minecraft:wither_skeleton":1},"minecraft:dropped":{"minecraft:iron_sword":2,"minecraft:moss_block":4,"minecraft:glass_bottle":12,"minecraft:decorated_pot":1,"minecraft:dark_oak_slab":2,"minecraft:crossbow":4,"minecraft:mossy_stone_brick_stairs":1,"minecraft:leather_helmet":4,"minecraft:dirt":3,"minecraft:writable_book":3,"minecraft:stone_axe":1,"minecraft:rotten_flesh":4,"minecraft:glowstone_dust":1,"minecraft:leather_chestplate":4,"minecraft:beetroot_seeds":4,"minecraft:leather_boots":2,"minecraft:painting":1,"minecraft:spruce_slab":1,"minecraft:oak_leaves":6,"minecraft:purple_carpet":9,"minecraft:egg":2,"minecraft:golden_boots":3,"minecraft:vine":1,"minecraft:wheat_seeds":20,"minecraft:shelter_pottery_sherd":1,"minecraft:mossy_cobblestone":1,"minecraft:poisonous_potato":10,"minecraft:purple_concrete":8,"minecraft:melon_slice":27,"minecraft:map":1,"minecraft:iron_leggings":1,"minecraft:oak_stairs":1,"minecraft:iron_axe":1,"sophisticatedbackpacks:crafting_upgrade":1,"minecraft:string":10,"minecraft:tripwire_hook":4,"minecraft:stone_brick_slab":1,"minecraft:blue_terracotta":7,"minecraft:stone_sword":5,"minecraft:jukebox":1,"minecraft:stone_shovel":1,"minecraft:clay_ball":1,"minecraft:iron_boots":1,"minecraft:damaged_anvil":4,"minecraft:pumpkin_seeds":8,"minecraft:suspicious_stew":1,"minecraft:filled_map":1,"minecraft:flower_pot":2,"minecraft:iron_chestplate":5,"minecraft:golden_leggings":2,"minecraft:oak_sapling":2,"minecraft:bow":1,"minecraft:wooden_pickaxe":2},"minecraft:custom":{"minecraft:interact_with_crafting_table":33,"minecraft:open_barrel":8,"minecraft:leave_game":1,"minecraft:time_since_death":79429,"minecraft:sprint_one_cm":277319,"minecraft:drop":113,"minecraft:talked_to_villager":11,"minecraft:play_time":149525,"minecraft:deaths":3,"minecraft:jump":1785,"minecraft:walk_on_water_one_cm":54397,"minecraft:interact_with_furnace":39,"minecraft:sleep_in_bed":12,"minecraft:damage_dealt":20319,"minecraft:crouch_one_cm":44913,"minecraft:interact_with_smoker":10,"minecraft:horse_one_cm":220639,"minecraft:mob_kills":112,"minecraft:damage_dealt_resisted":407,"minecraft:climb_one_cm":628,"minecraft:walk_one_cm":342067,"minecraft:damage_dealt_absorbed":52,"minecraft:sneak_time":19453,"minecraft:walk_under_water_one_cm":16180,"minecraft:boat_one_cm":6345,"minecraft:interact_with_blast_furnace":26,"minecraft:total_world_time":149525,"minecraft:time_since_rest":12826,"minecraft:damage_taken":5080,"minecraft:damage_absorbed":40,"minecraft:swim_one_cm":34929,"minecraft:fly_one_cm":280449,"minecraft:open_chest":197,"minecraft:fall_one_cm":49479},"minecraft:mined":{"minecraft:oak_sapling":1,"minecraft:white_bed":3,"minecraft:potted_blue_orchid":1,"minecraft:grass_block":1,"minecraft:tall_seagrass":2,"minecraft:magma_block":10,"minecraft:cobbled_deepslate":5,"minecraft:iron_ore":27,"minecraft:fire":1,"minecraft:barrel":7,"minecraft:moss_carpet":5,"minecraft:deepslate_lapis_ore":10,"minecraft:oak_stairs":3,"minecraft:iron_bars":1,"minecraft:purple_carpet":9,"minecraft:orange_bed":1,"minecraft:deepslate_redstone_ore":26,"minecraft:brown_mushroom":10,"minecraft:cyan_terracotta":12,"minecraft:blackstone":68,"minecraft:smoker":1,"minecraft:torch":11,"minecraft:melon":9,"minecraft:chest":15,"minecraft:cobblestone":36,"minecraft:oak_planks":12,"minecraft:grindstone":1,"minecraft:sugar_cane":21,"minecraft:damaged_anvil":6,"minecraft:iron_door":1,"minecraft:wall_torch":8,"minecraft:deepslate_copper_ore":4,"minecraft:blue_terracotta":7,"minecraft:dark_oak_slab":1,"minecraft:birch_log":10,"minecraft:wheat":2,"minecraft:jukebox":1,"minecraft:orange_tulip":1,"minecraft:grass":42,"minecraft:oak_log":40,"minecraft:dirt":14,"minecraft:smooth_basalt":1,"minecraft:stonecutter":1,"minecraft:piston":5,"minecraft:deepslate":60,"minecraft:infested_deepslate":1,"minecraft:tuff":29,"minecraft:mossy_cobblestone":3,"minecraft:deepslate_diamond_ore":17,"minecraft:dark_oak_log":61,"minecraft:decorated_pot":1,"minecraft:moss_block":3,"minecraft:large_fern":5,"minecraft:hay_block":46,"spelunkers_charm:deepslate_rock_pile_1":1,"minecraft:oak_trapdoor":2,"minecraft:furnace":4,"minecraft:carrots":2,"minecraft:mossy_stone_brick_stairs":1,"minecraft:bookshelf":23,"minecraft:deepslate_iron_ore":94,"minecraft:vine":1,"minecraft:stone":319,"minecraft:white_wool":4,"minecraft:potted_allium":1,"minecraft:brown_carpet":1,"minecraft:stone_brick_slab":1,"minecraft:crafting_table":6,"minecraft:lectern":2,"minecraft:tall_grass":26,"minecraft:copper_ore":42,"minecraft:lapis_ore":7,"minecraft:deepslate_gold_ore":8,"minecraft:blue_bed":11,"minecraft:purple_bed":1,"minecraft:purple_concrete":10,"minecraft:coal_ore":74,"minecraft:cobweb":66,"minecraft:cracked_stone_bricks":1,"minecraft:stone_bricks":1,"minecraft:mossy_stone_bricks":1,"minecraft:fern":2}},"DataVersion":3465}