{"stats":{"minecraft:broken":{"minecraft:stone_pickaxe":1,"minecraft:stone_axe":1,"minecraft:iron_sword":2,"minecraft:leather_helmet":2,"minecraft:iron_axe":1,"minecraft:leather_boots":1,"minecraft:iron_pickaxe":3},"minecraft:crafted":{"minecraft:oak_planks":128,"minecraft:smooth_stone":5,"minecraft:cobblestone_slab":6,"minecraft:dark_oak_boat":1,"minecraft:stone":14,"sophisticatedbackpacks:crafting_upgrade":1,"minecraft:bookshelf":25,"minecraft:heavy_weighted_pressure_plate":1,"minecraft:cooked_mutton":11,"minecraft:dark_oak_door":6,"minecraft:iron_boots":1,"sophisticatedbackpacks:copper_backpack":1,"minecraft:chest":5,"minecraft:copper_block":5,"minecraft:smoker":1,"minecraft:wooden_shovel":1,"sophisticatedbackpacks:backpack":1,"minecraft:crafting_table":5,"minecraft:wooden_pickaxe":2,"minecraft:iron_helmet":1,"majruszsdifficulty:bandage":4,"minecraft:copper_ingot":183,"minecraft:gold_block":8,"minecraft:birch_planks":40,"sophisticatedbackpacks:upgrade_base":3,"minecraft:dark_oak_slab":6,"minecraft:diamond_pickaxe":3,"minecraft:stick":84,"minecraft:iron_ingot":332,"minecraft:iron_pickaxe":2,"minecraft:iron_block":2,"minecraft:stone_sword":1,"minecraft:gold_ingot":73,"minecraft:wooden_sword":1,"minecraft:stone_shovel":1,"minecraft:coal":36,"sophisticatedbackpacks:tool_swapper_upgrade":1,"sophisticatedbackpacks:stack_upgrade_tier_1":1,"minecraft:stone_button":1,"minecraft:blast_furnace":1,"minecraft:furnace":3,"minecraft:dark_oak_trapdoor":2,"sophisticatedbackpacks:stack_upgrade_starter_tier":1,"minecraft:bone_meal":9,"minecraft:iron_axe":2,"minecraft:stone_pickaxe":2,"sophisticatedbackpacks:stack_upgrade_tier_2":1,"minecraft:dark_oak_planks":148,"minecraft:wheat":207,"sophisticatedbackpacks:iron_backpack":1,"minecraft:cooked_beef":23,"minecraft:sugar":2,"sophisticatedbackpacks:advanced_tool_swapper_upgrade":1,"minecraft:iron_sword":2,"sophisticatedbackpacks:gold_backpack":1,"minecraft:stone_axe":1,"minecraft:bread":69,"minecraft:air":0,"minecraft:oak_boat":1,"minecraft:wooden_axe":1,"minecraft:iron_shovel":1,"minecraft:acacia_planks":36,"minecraft:torch":144},"minecraft:used":{"minecraft:iron_shovel":204,"minecraft:oak_sign":1,"minecraft:decorated_pot":1,"minecraft:chest":22,"minecraft:iron_sword":891,"minecraft:player_head":1,"minecraft:iron_chestplate":1,"minecraft:carrot":2,"minecraft:tuff":3,"minecraft:cyan_terracotta":4,"minecraft:birch_sapling":2,"minecraft:dark_oak_slab":2,"minecraft:birch_trapdoor":2,"minecraft:brown_carpet":1,"minecraft:dark_oak_boat":2,"minecraft:furnace":6,"minecraft:oak_sapling":21,"minecraft:potato":2,"minecraft:damaged_anvil":1,"minecraft:stone_pickaxe":210,"minecraft:oak_planks":11,"minecraft:orange_tulip":1,"minecraft:blackstone":3,"minecraft:wooden_pickaxe":3,"minecraft:sugar_cane":20,"minecraft:blue_bed":24,"minecraft:white_wool":26,"minecraft:golden_apple":1,"minecraft:dark_oak_trapdoor":12,"minecraft:blast_furnace":7,"sophisticatedbackpacks:backpack":1,"minecraft:string":1,"minecraft:heavy_weighted_pressure_plate":1,"minecraft:stone_button":1,"minecraft:bread":74,"minecraft:cyan_carpet":35,"minecraft:lectern":48,"minecraft:gravel":72,"minecraft:iron_door":1,"minecraft:deepslate":69,"minecraft:grindstone":1,"minecraft:oak_boat":1,"minecraft:oak_hanging_sign":1,"minecraft:stone_sword":12,"minecraft:stone_shovel":14,"minecraft:spruce_planks":5,"minecraft:torch":363,"minecraft:spyglass":2,"minecraft:spruce_stairs":1,"minecraft:dark_oak_planks":20,"minecraft:iron_axe":307,"minecraft:barrel":1,"minecraft:purple_concrete":2,"minecraft:cooked_beef":23,"minecraft:cobbled_deepslate":1,"minecraft:iron_leggings":1,"minecraft:water_bucket":59,"minecraft:cobblestone_slab":1,"minecraft:mossy_cobblestone":71,"minecraft:crafting_table":9,"minecraft:white_bed":2,"minecraft:painting":14,"minecraft:smoker":2,"minecraft:dark_oak_door":4,"minecraft:oak_log":4,"minecraft:diamond_pickaxe":1503,"minecraft:iron_pickaxe":619,"minecraft:purple_dye":1,"minecraft:stone_axe":136,"minecraft:cobblestone":331,"majruszsdifficulty:bandage":10,"minecraft:bucket":59,"minecraft:candle":1},"minecraft:picked_up":{"minecraft:iron_chestplate":7,"minecraft:wheat":78,"minecraft:chainmail_boots":2,"minecraft:flower_pot":3,"minecraft:suspicious_stew":1,"minecraft:sentry_armor_trim_smithing_template":2,"minecraft:oak_stairs":3,"minecraft:enchanted_book":3,"minecraft:potion":4,"minecraft:music_disc_cat":7,"minecraft:string":147,"minecraft:dark_oak_trapdoor":7,"minecraft:soul_soil":1,"minecraft:raw_copper":269,"minecraft:oak_hanging_sign":1,"minecraft:explorer_pottery_sherd":5,"minecraft:red_nether_bricks":2,"minecraft:iron_leggings":5,"minecraft:experience_bottle":3,"minecraft:oak_sign":4,"minecraft:beetroot":3,"minecraft:sea_pickle":3,"minecraft:smooth_stone":12,"minecraft:cobbled_deepslate":232,"minecraft:spruce_planks":25,"minecraft:cobblestone_slab":1,"minecraft:calcite":10,"minecraft:iron_pickaxe":4,"minecraft:deepslate_tile_wall":1,"minecraft:melon_slice":27,"minecraft:coal_block":6,"minecraft:smooth_quartz_stairs":1,"minecraft:iron_boots":2,"minecraft:furnace":7,"minecraft:stick":86,"minecraft:sheaf_pottery_sherd":1,"minecraft:jukebox":1,"minecraft:birch_trapdoor":3,"minecraft:torch":194,"minecraft:acacia_log":9,"minecraft:spruce_stairs":6,"minecraft:diorite":1,"minecraft:vine":1,"minecraft:goat_horn":4,"minecraft:brown_carpet":1,"minecraft:orange_bed":1,"minecraft:stone_sword":6,"minecraft:honey_bottle":1,"minecraft:rotten_flesh":56,"minecraft:cyan_terracotta":9,"minecraft:iron_bars":2,"minecraft:cobblestone":1173,"minecraft:birch_log":22,"minecraft:magma_block":20,"minecraft:leather_chestplate":8,"minecraft:cooked_beef":2,"minecraft:lilac":1,"minecraft:iron_door":3,"minecraft:water_bucket":3,"minecraft:dark_oak_boat":2,"minecraft:brown_wool":1,"minecraft:golden_leggings":2,"minecraft:smoker":3,"minecraft:potato":52,"minecraft:flint":17,"minecraft:tuff":69,"minecraft:mangrove_slab":4,"minecraft:lapis_lazuli":510,"minecraft:dirt":28,"minecraft:name_tag":2,"minecraft:leather_boots":5,"minecraft:purple_carpet":9,"minecraft:bone":60,"minecraft:stonecutter":1,"minecraft:bow":4,"minecraft:orange_tulip":2,"minecraft:wheat_seeds":25,"minecraft:raw_gold":54,"minecraft:grindstone":1,"minecraft:rabbit":2,"minecraft:mossy_stone_bricks":2,"minecraft:glowstone_dust":1,"minecraft:powered_rail":2,"minecraft:moss_block":4,"minecraft:oak_planks":16,"minecraft:mossy_stone_brick_stairs":1,"endrem:lost_eye":1,"minecraft:poisonous_potato":10,"minecraft:sand":10,"sophisticatedbackpacks:iron_backpack":2,"minecraft:dark_oak_log":67,"minecraft:barrel":8,"minecraft:mossy_cobblestone":86,"minecraft:blue_terracotta":7,"minecraft:deepslate":356,"minecraft:diamond":45,"minecraft:angler_pottery_sherd":1,"minecraft:deepslate_gold_ore":7,"minecraft:crossbow":4,"minecraft:grass":2,"minecraft:golden_apple":1,"minecraft:emerald":10,"minecraft:bread":102,"minecraft:oak_sapling":21,"minecraft:diamond_pickaxe":2,"minecraft:charcoal":34,"minecraft:shelter_pottery_sherd":2,"minecraft:crafting_table":8,"minecraft:clay_ball":1,"minecraft:leather_leggings":1,"minecraft:brown_mushroom":9,"minecraft:wooden_pickaxe":1,"spelunkers_charm:deepslate_rock":5,"minecraft:shield":2,"minecraft:brick":25,"minecraft:oak_trapdoor":2,"minecraft:moss_carpet":85,"minecraft:iron_axe":2,"minecraft:flint_and_steel":1,"minecraft:iron_shovel":1,"minecraft:cyan_carpet":40,"minecraft:blackstone":117,"minecraft:blue_orchid":1,"minecraft:cracked_stone_bricks":3,"minecraft:detector_rail":6,"minecraft:beef":35,"minecraft:oak_boat":1,"minecraft:player_head":2,"minecraft:spruce_slab":4,"minecraft:lectern":48,"minecraft:sugar_cane":105,"minecraft:chest":25,"minecraft:birch_sapling":2,"minecraft:piston":5,"minecraft:egg":3,"minecraft:dark_oak_sapling":8,"minecraft:raw_iron":380,"minecraft:sandstone":12,"minecraft:stripped_mangrove_wood":4,"minecraft:stone":32,"minecraft:oak_door":1,"sophisticatedbackpacks:crafting_upgrade":1,"sophisticatedbackpacks:backpack":1,"minecraft:note_block":2,"minecraft:cake":1,"minecraft:mangrove_sign":2,"minecraft:carrot":53,"minecraft:redstone":467,"minecraft:dark_oak_planks":15,"minecraft:stone_shovel":4,"minecraft:arrow":58,"minecraft:beetroot_seeds":12,"minecraft:decorated_pot":1,"minecraft:pumpkin_pie":9,"minecraft:hay_block":46,"minecraft:gold_ingot":15,"minecraft:saddle":2,"minecraft:glistering_melon_slice":2,"minecraft:mutton":42,"minecraft:rail":10,"minecraft:white_wool":64,"minecraft:purple_dye":3,"minecraft:tripwire_hook":4,"minecraft:leather":25,"minecraft:filled_map":2,"minecraft:birch_planks":3,"spelunkers_charm:old_miners_bundle":4,"minecraft:oak_log":117,"minecraft:golden_boots":3,"minecraft:gunpowder":10,"minecraft:blue_bed":27,"minecraft:apple":15,"minecraft:stone_bricks":4,"minecraft:kelp":1,"minecraft:iron_ingot":38,"minecraft:stone_pickaxe":2,"minecraft:blade_pottery_sherd":4,"minecraft:glass_bottle":12,"minecraft:iron_sword":5,"minecraft:acacia_sapling":3,"minecraft:dark_oak_stairs":2,"minecraft:purple_concrete":10,"minecraft:book":345,"minecraft:smooth_basalt":2,"minecraft:dark_oak_slab":2,"minecraft:stone_brick_slab":1,"minecraft:dandelion":1,"minecraft:spyglass":1,"minecraft:gravel":163,"minecraft:blast_furnace":16,"minecraft:white_bed":4,"majruszsdifficulty:bandage":24,"minecraft:spider_eye":9,"minecraft:leather_helmet":9,"minecraft:pumpkin_seeds":12,"minecraft:slime_ball":24,"minecraft:stone_axe":4,"minecraft:iron_helmet":1,"minecraft:painting":12,"minecraft:gray_wool":1,"minecraft:black_wool":2,"minecraft:damaged_anvil":9,"minecraft:melon_seeds":11,"minecraft:coal":389,"minecraft:ender_pearl":1},"minecraft:killed_by":{"minecraft:zombie":1,"minecraft:husk":1,"minecraft:rabbit":1},"minecraft:killed":{"minecraft:cave_spider":1,"minecraft:witch":1,"minecraft:spider":30,"minecraft:shulker":1,"minecraft:skeleton":30,"minecraft:silverfish":1,"mythicmounts:moth":1,"minecraft:zombie_villager":1,"minecraft:creeper":2,"minecraft:sheep":30,"minecraft:pillager":20,"minecraft:donkey":5,"minecraft:zombie":21,"minecraft:cow":18,"minecraft:vindicator":5,"minecraft:horse":1,"minecraft:drowned":15,"minecraft:husk":8,"minecraft:rabbit":1,"majruszsdifficulty:cursed_armor":3,"minecraft:wither_skeleton":1,"minecraft:enderman":1},"minecraft:dropped":{"minecraft:iron_sword":3,"minecraft:moss_block":4,"minecraft:glass_bottle":12,"minecraft:decorated_pot":1,"minecraft:crossbow":4,"minecraft:dark_oak_slab":2,"minecraft:mossy_stone_brick_stairs":1,"minecraft:cracked_stone_bricks":1,"minecraft:leather_helmet":5,"minecraft:flint":13,"minecraft:dirt":7,"minecraft:writable_book":3,"minecraft:sand":9,"minecraft:dark_oak_planks":3,"minecraft:white_wool":13,"minecraft:dark_oak_door":2,"minecraft:stone_axe":1,"bountiful:bounty":1,"minecraft:rotten_flesh":23,"minecraft:glowstone_dust":1,"minecraft:leather_chestplate":6,"minecraft:beetroot_seeds":4,"minecraft:leather_boots":2,"minecraft:chainmail_boots":2,"minecraft:leather_leggings":1,"minecraft:painting":1,"minecraft:spruce_slab":1,"minecraft:arrow":2,"minecraft:oak_leaves":6,"minecraft:purple_carpet":9,"minecraft:egg":2,"minecraft:golden_boots":3,"minecraft:vine":1,"minecraft:shelter_pottery_sherd":1,"minecraft:wheat_seeds":23,"minecraft:mossy_cobblestone":9,"minecraft:poisonous_potato":10,"minecraft:iron_helmet":1,"minecraft:cobblestone":3,"minecraft:purple_concrete":8,"spelunkers_charm:deepslate_rock":2,"minecraft:gray_wool":1,"minecraft:melon_slice":27,"minecraft:brown_wool":1,"minecraft:map":1,"minecraft:iron_leggings":1,"minecraft:oak_stairs":1,"minecraft:iron_axe":1,"sophisticatedbackpacks:crafting_upgrade":1,"minecraft:string":10,"minecraft:tripwire_hook":4,"minecraft:stone_brick_slab":1,"minecraft:blue_terracotta":7,"minecraft:stone_sword":5,"minecraft:jukebox":1,"minecraft:experience_bottle":1,"minecraft:stone_shovel":3,"minecraft:clay_ball":1,"minecraft:iron_boots":1,"minecraft:damaged_anvil":4,"minecraft:flint_and_steel":1,"minecraft:pumpkin_seeds":8,"minecraft:suspicious_stew":1,"minecraft:filled_map":1,"minecraft:stone":5,"minecraft:shield":2,"minecraft:flower_pot":2,"minecraft:diamond_pickaxe":2,"minecraft:iron_chestplate":5,"minecraft:golden_leggings":2,"minecraft:oak_sapling":2,"minecraft:sandstone":12,"minecraft:bow":1,"minecraft:wooden_pickaxe":2,"minecraft:black_wool":2},"minecraft:custom":{"minecraft:interact_with_crafting_table":41,"minecraft:open_barrel":56,"minecraft:eat_cake_slice":2,"minecraft:leave_game":3,"minecraft:time_since_death":155921,"minecraft:sprint_one_cm":610301,"minecraft:drop":155,"minecraft:play_noteblock":2,"minecraft:talked_to_villager":86,"minecraft:play_time":325421,"minecraft:deaths":4,"minecraft:jump":3528,"minecraft:walk_on_water_one_cm":134838,"minecraft:enchant_item":2,"minecraft:interact_with_furnace":44,"minecraft:sleep_in_bed":23,"minecraft:damage_dealt":39234,"minecraft:crouch_one_cm":99141,"minecraft:interact_with_smoker":11,"minecraft:horse_one_cm":220639,"minecraft:mob_kills":204,"minecraft:damage_dealt_resisted":1676,"minecraft:climb_one_cm":2024,"minecraft:walk_one_cm":763489,"minecraft:damage_dealt_absorbed":132,"minecraft:sneak_time":40484,"minecraft:walk_under_water_one_cm":61707,"minecraft:boat_one_cm":59805,"minecraft:interact_with_blast_furnace":61,"minecraft:total_world_time":325421,"minecraft:interact_with_grindstone":1,"minecraft:time_since_rest":10388,"minecraft:damage_taken":7054,"minecraft:damage_absorbed":40,"minecraft:swim_one_cm":89534,"minecraft:fly_one_cm":560754,"minecraft:open_chest":586,"minecraft:fall_one_cm":84098},"minecraft:mined":{"minecraft:dark_oak_planks":14,"minecraft:spruce_planks":6,"minecraft:white_bed":3,"minecraft:oak_sapling":1,"minecraft:red_nether_bricks":2,"minecraft:potted_blue_orchid":1,"minecraft:deepslate_tile_wall":1,"minecraft:acacia_log":9,"minecraft:grass_block":1,"minecraft:coal_block":4,"minecraft:spawner":3,"minecraft:chiseled_stone_bricks":1,"minecraft:tall_seagrass":5,"minecraft:magma_block":10,"minecraft:dark_oak_trapdoor":7,"minecraft:cobbled_deepslate":36,"minecraft:iron_ore":161,"minecraft:barrel":8,"minecraft:fire":1,"minecraft:moss_carpet":5,"minecraft:deepslate_lapis_ore":27,"minecraft:dark_oak_stairs":1,"minecraft:oak_stairs":3,"minecraft:iron_bars":1,"minecraft:purple_carpet":9,"minecraft:stripped_mangrove_wood":4,"minecraft:player_head":1,"minecraft:spruce_slab":3,"minecraft:tripwire":1,"minecraft:orange_bed":1,"minecraft:deepslate_redstone_ore":58,"minecraft:brown_mushroom":10,"minecraft:cyan_terracotta":13,"minecraft:blackstone":68,"minecraft:kelp_plant":1,"minecraft:smoker":3,"minecraft:torch":25,"minecraft:note_block":2,"minecraft:blast_furnace":11,"minecraft:calcite":11,"minecraft:melon":9,"minecraft:chest":24,"minecraft:cobblestone":97,"minecraft:grindstone":1,"minecraft:oak_planks":12,"minecraft:sugar_cane":43,"minecraft:damaged_anvil":7,"minecraft:iron_door":1,"minecraft:wall_torch":29,"minecraft:deepslate_copper_ore":5,"minecraft:seagrass":5,"minecraft:blue_terracotta":7,"minecraft:dark_oak_slab":2,"minecraft:birch_log":10,"minecraft:wheat":2,"minecraft:birch_trapdoor":3,"minecraft:jukebox":1,"minecraft:orange_tulip":2,"minecraft:grass":47,"minecraft:oak_log":45,"minecraft:sand":17,"minecraft:dirt":35,"minecraft:smooth_basalt":1,"minecraft:stonecutter":1,"minecraft:piston":6,"minecraft:deepslate":500,"minecraft:infested_deepslate":1,"minecraft:tuff":42,"minecraft:mossy_cobblestone":87,"minecraft:deepslate_diamond_ore":25,"minecraft:oak_door":1,"minecraft:dark_oak_log":61,"minecraft:mangrove_wall_sign":1,"minecraft:decorated_pot":10,"minecraft:soul_campfire":1,"minecraft:moss_block":3,"minecraft:sandstone":23,"minecraft:large_fern":5,"minecraft:hay_block":46,"spelunkers_charm:deepslate_rock_pile_1":1,"minecraft:redstone_ore":17,"minecraft:oak_trapdoor":2,"minecraft:furnace":5,"minecraft:carrots":2,"minecraft:suspicious_sand":1,"minecraft:mossy_stone_brick_stairs":1,"minecraft:bookshelf":103,"minecraft:cobblestone_slab":1,"minecraft:deepslate_iron_ore":209,"minecraft:vine":1,"minecraft:smooth_quartz_stairs":1,"minecraft:stone":479,"minecraft:white_wool":4,"minecraft:potted_allium":1,"minecraft:brown_carpet":1,"minecraft:stone_brick_slab":1,"minecraft:crafting_table":7,"minecraft:lectern":49,"minecraft:tall_grass":30,"minecraft:copper_ore":48,"minecraft:deepslate_coal_ore":4,"minecraft:deepslate_gold_ore":33,"minecraft:lapis_ore":23,"minecraft:diorite":1,"minecraft:blue_bed":25,"minecraft:spruce_stairs":5,"minecraft:purple_bed":1,"minecraft:purple_concrete":10,"minecraft:dark_prismarine_slab":1,"minecraft:mangrove_slab":4,"minecraft:coal_ore":224,"minecraft:cyan_carpet":17,"minecraft:gravel":160,"minecraft:cobweb":71,"minecraft:cracked_stone_bricks":2,"minecraft:stone_bricks":2,"minecraft:mossy_stone_bricks":1,"minecraft:gold_ore":20,"minecraft:fern":2}},"DataVersion":3465}