{"stats":{"minecraft:crafted":{"minecraft:oak_planks":28,"minecraft:smooth_stone":5,"minecraft:stone_shovel":1,"minecraft:furnace":3,"minecraft:blast_furnace":1,"sophisticatedbackpacks:stack_upgrade_starter_tier":1,"minecraft:stone":14,"sophisticatedbackpacks:crafting_upgrade":1,"sophisticatedbackpacks:copper_backpack":1,"minecraft:stone_pickaxe":2,"minecraft:chest":5,"minecraft:copper_block":5,"minecraft:smoker":1,"sophisticatedbackpacks:iron_backpack":1,"minecraft:wheat":54,"minecraft:cooked_beef":23,"sophisticatedbackpacks:backpack":1,"minecraft:crafting_table":3,"minecraft:wooden_pickaxe":1,"majruszsdifficulty:bandage":4,"minecraft:iron_sword":2,"minecraft:copper_ingot":135,"minecraft:birch_planks":40,"sophisticatedbackpacks:upgrade_base":2,"minecraft:stone_axe":1,"minecraft:bread":18,"minecraft:air":0,"minecraft:oak_boat":1,"minecraft:stick":8,"minecraft:iron_ingot":23,"minecraft:iron_pickaxe":2,"minecraft:stone_sword":1,"minecraft:torch":48},"minecraft:broken":{"minecraft:leather_helmet":2,"minecraft:stone_pickaxe":1,"minecraft:iron_sword":1,"minecraft:leather_boots":1,"minecraft:stone_axe":1,"minecraft:iron_pickaxe":1},"minecraft:used":{"minecraft:stone_shovel":14,"minecraft:chest":7,"minecraft:iron_sword":287,"minecraft:torch":63,"minecraft:carrot":2,"minecraft:cyan_terracotta":1,"minecraft:birch_sapling":2,"minecraft:furnace":5,"minecraft:oak_sapling":21,"minecraft:cooked_beef":4,"minecraft:potato":2,"minecraft:iron_leggings":1,"minecraft:water_bucket":11,"minecraft:stone_pickaxe":210,"minecraft:orange_tulip":1,"minecraft:wooden_pickaxe":3,"minecraft:blue_bed":6,"minecraft:sugar_cane":20,"minecraft:golden_apple":1,"minecraft:mossy_cobblestone":1,"minecraft:crafting_table":7,"minecraft:blast_furnace":1,"minecraft:smoker":1,"minecraft:white_bed":2,"minecraft:oak_log":4,"minecraft:bread":26,"minecraft:iron_pickaxe":409,"minecraft:stone_axe":136,"minecraft:cobblestone":105,"majruszsdifficulty:bandage":1,"minecraft:bucket":12,"minecraft:oak_boat":1},"minecraft:picked_up":{"minecraft:crafting_table":7,"minecraft:shelter_pottery_sherd":2,"minecraft:iron_chestplate":3,"minecraft:wheat":4,"minecraft:suspicious_stew":1,"minecraft:brown_mushroom":9,"minecraft:wooden_pickaxe":1,"minecraft:oak_stairs":1,"spelunkers_charm:deepslate_rock":1,"minecraft:brick":3,"minecraft:music_disc_cat":5,"minecraft:string":44,"minecraft:moss_carpet":85,"minecraft:raw_copper":212,"minecraft:iron_leggings":3,"minecraft:blackstone":1,"minecraft:cracked_stone_bricks":2,"minecraft:cobbled_deepslate":15,"minecraft:smooth_stone":10,"minecraft:beef":23,"minecraft:oak_boat":1,"minecraft:iron_pickaxe":4,"minecraft:sugar_cane":20,"minecraft:chest":5,"minecraft:birch_sapling":2,"minecraft:furnace":6,"minecraft:egg":3,"minecraft:dark_oak_sapling":8,"minecraft:stick":50,"minecraft:raw_iron":91,"minecraft:sheaf_pottery_sherd":1,"minecraft:stone":18,"sophisticatedbackpacks:crafting_upgrade":1,"minecraft:torch":86,"minecraft:carrot":2,"minecraft:redstone":43,"minecraft:arrow":16,"minecraft:rotten_flesh":8,"minecraft:stone_shovel":3,"minecraft:beetroot_seeds":12,"minecraft:hay_block":6,"minecraft:cyan_terracotta":1,"minecraft:saddle":1,"minecraft:gold_ingot":1,"minecraft:mutton":11,"minecraft:iron_bars":2,"minecraft:white_wool":6,"minecraft:rail":6,"minecraft:cobblestone":758,"minecraft:birch_log":22,"minecraft:lilac":1,"minecraft:iron_door":2,"minecraft:water_bucket":2,"minecraft:leather":12,"minecraft:potato":6,"minecraft:birch_planks":2,"spelunkers_charm:old_miners_bundle":1,"minecraft:tuff":19,"minecraft:oak_log":112,"minecraft:gunpowder":9,"minecraft:lapis_lazuli":69,"minecraft:blue_bed":9,"minecraft:dirt":12,"minecraft:leather_boots":3,"minecraft:raw_gold":3,"minecraft:bone":7,"minecraft:apple":9,"minecraft:stone_bricks":2,"minecraft:bow":1,"minecraft:wheat_seeds":17,"minecraft:orange_tulip":1,"minecraft:iron_ingot":4,"minecraft:stone_pickaxe":2,"minecraft:mossy_stone_brick_stairs":1,"minecraft:mossy_stone_bricks":2,"minecraft:rabbit":2,"minecraft:glowstone_dust":1,"minecraft:powered_rail":2,"minecraft:moss_block":4,"minecraft:iron_sword":3,"minecraft:oak_planks":1,"minecraft:book":61,"minecraft:stone_brick_slab":1,"minecraft:dandelion":1,"sophisticatedbackpacks:iron_backpack":1,"majruszsdifficulty:bandage":8,"minecraft:white_bed":4,"minecraft:dark_oak_log":37,"minecraft:leather_helmet":4,"minecraft:spider_eye":2,"minecraft:mossy_cobblestone":3,"minecraft:pumpkin_seeds":12,"minecraft:angler_pottery_sherd":1,"minecraft:stone_axe":4,"minecraft:golden_apple":1,"minecraft:bread":37,"minecraft:emerald":4,"minecraft:oak_sapling":21,"minecraft:coal":166},"minecraft:killed_by":{"minecraft:rabbit":1,"minecraft:zombie":1},"minecraft:killed":{"minecraft:witch":1,"minecraft:spider":1,"minecraft:vindicator":2,"minecraft:skeleton":8,"minecraft:drowned":6,"mythicmounts:moth":1,"minecraft:zombie_villager":1,"minecraft:rabbit":1,"majruszsdifficulty:cursed_armor":2,"minecraft:creeper":1,"minecraft:sheep":7,"minecraft:pillager":2,"minecraft:donkey":2,"minecraft:zombie":7,"minecraft:wither_skeleton":1,"minecraft:cow":12},"minecraft:dropped":{"minecraft:moss_block":4,"minecraft:shelter_pottery_sherd":1,"minecraft:wheat_seeds":15,"minecraft:mossy_cobblestone":1,"minecraft:mossy_stone_brick_stairs":1,"minecraft:oak_stairs":1,"sophisticatedbackpacks:crafting_upgrade":1,"minecraft:string":10,"minecraft:stone_brick_slab":1,"minecraft:stone_axe":1,"minecraft:stone_sword":1,"minecraft:rotten_flesh":2,"minecraft:glowstone_dust":1,"minecraft:suspicious_stew":1,"minecraft:pumpkin_seeds":8,"minecraft:beetroot_seeds":4,"minecraft:bow":1,"minecraft:wooden_pickaxe":2,"minecraft:egg":2},"minecraft:custom":{"minecraft:mob_kills":57,"minecraft:interact_with_crafting_table":32,"minecraft:damage_dealt_resisted":407,"minecraft:leave_game":1,"minecraft:time_since_death":19429,"minecraft:climb_one_cm":628,"minecraft:sprint_one_cm":138751,"minecraft:walk_one_cm":170875,"minecraft:drop":27,"minecraft:damage_dealt_absorbed":52,"minecraft:talked_to_villager":5,"minecraft:play_time":89525,"minecraft:sneak_time":13063,"minecraft:deaths":3,"minecraft:walk_under_water_one_cm":13021,"minecraft:boat_one_cm":6345,"minecraft:jump":904,"minecraft:interact_with_blast_furnace":16,"minecraft:walk_on_water_one_cm":24052,"minecraft:total_world_time":89525,"minecraft:interact_with_furnace":35,"minecraft:sleep_in_bed":8,"minecraft:time_since_rest":8290,"minecraft:damage_taken":3219,"minecraft:damage_absorbed":40,"minecraft:damage_dealt":10007,"minecraft:swim_one_cm":28641,"minecraft:fly_one_cm":138121,"minecraft:open_chest":116,"minecraft:crouch_one_cm":28333,"minecraft:interact_with_smoker":6,"minecraft:fall_one_cm":31136,"minecraft:horse_one_cm":220639},"minecraft:mined":{"minecraft:tuff":20,"minecraft:white_bed":3,"minecraft:oak_sapling":1,"minecraft:mossy_cobblestone":3,"minecraft:dark_oak_log":61,"minecraft:decorated_pot":1,"minecraft:moss_block":3,"spelunkers_charm:deepslate_rock_pile_1":1,"minecraft:large_fern":5,"minecraft:hay_block":6,"minecraft:tall_seagrass":2,"minecraft:furnace":4,"minecraft:carrots":2,"minecraft:iron_ore":27,"minecraft:cobbled_deepslate":2,"minecraft:moss_carpet":5,"minecraft:mossy_stone_brick_stairs":1,"minecraft:bookshelf":10,"minecraft:deepslate_iron_ore":54,"minecraft:oak_stairs":1,"minecraft:iron_bars":1,"minecraft:stone":319,"minecraft:deepslate_redstone_ore":10,"minecraft:brown_mushroom":10,"minecraft:cyan_terracotta":5,"minecraft:blackstone":1,"minecraft:stone_brick_slab":1,"minecraft:crafting_table":6,"minecraft:torch":3,"minecraft:deepslate_gold_ore":3,"minecraft:chest":4,"minecraft:copper_ore":42,"minecraft:tall_grass":12,"minecraft:cobblestone":30,"minecraft:blue_bed":7,"minecraft:lapis_ore":7,"minecraft:sugar_cane":11,"minecraft:oak_planks":1,"minecraft:wall_torch":6,"minecraft:iron_door":1,"minecraft:birch_log":10,"minecraft:wheat":2,"minecraft:orange_tulip":1,"minecraft:grass":23,"minecraft:coal_ore":67,"minecraft:oak_log":40,"minecraft:dirt":12,"minecraft:cobweb":37,"minecraft:cracked_stone_bricks":1,"minecraft:stone_bricks":1,"minecraft:mossy_stone_bricks":1,"minecraft:deepslate":13,"minecraft:fern":2}},"DataVersion":3465}