{"stats":{"minecraft:broken":{"minecraft:stone_hoe":1,"minecraft:stone_pickaxe":1,"minecraft:stone_axe":2},"minecraft:crafted":{"minecraft:oak_planks":92,"minecraft:stone_shovel":1,"minecraft:cobblestone_slab":6,"minecraft:furnace":1,"minecraft:dark_oak_trapdoor":8,"minecraft:iron_axe":1,"minecraft:stone_pickaxe":2,"minecraft:chest":1,"minecraft:dark_oak_planks":184,"minecraft:stone_hoe":1,"minecraft:cooked_beef":9,"minecraft:oak_slab":18,"minecraft:crafting_table":4,"minecraft:wooden_pickaxe":1,"minecraft:bucket":1,"minecraft:stone_axe":2,"minecraft:air":0,"minecraft:oak_boat":2,"minecraft:wooden_hoe":1,"minecraft:charcoal":2,"minecraft:stick":12,"minecraft:iron_ingot":3,"minecraft:light_blue_bed":1,"minecraft:composter":2,"minecraft:acacia_planks":12,"minecraft:torch":20},"minecraft:used":{"minecraft:peony":1,"minecraft:stone_shovel":18,"minecraft:chest":1,"minecraft:cooked_salmon":4,"minecraft:stone_hoe":133,"minecraft:torch":26,"minecraft:dirt":31,"minecraft:carrot":231,"minecraft:dark_oak_planks":190,"minecraft:iron_axe":182,"minecraft:light_blue_bed":5,"minecraft:furnace":2,"minecraft:cooked_beef":9,"minecraft:water_bucket":17,"minecraft:stone_pickaxe":171,"minecraft:oak_planks":7,"minecraft:wooden_pickaxe":52,"minecraft:composter":2,"minecraft:sugar_cane":5,"minecraft:cobblestone_slab":11,"minecraft:dark_oak_trapdoor":8,"minecraft:crafting_table":5,"minecraft:white_bed":1,"minecraft:spruce_log":6,"minecraft:wooden_hoe":60,"minecraft:apple":2,"minecraft:bread":5,"minecraft:stone_axe":281,"minecraft:cobblestone":21,"minecraft:bucket":17,"minecraft:oak_boat":6},"minecraft:picked_up":{"minecraft:crafting_table":2,"minecraft:stone_slab":4,"minecraft:wooden_pickaxe":5,"minecraft:brick":8,"minecraft:raw_copper":14,"minecraft:iron_axe":5,"minecraft:beetroot_soup":1,"minecraft:beetroot":2,"minecraft:cartography_table":3,"minecraft:beef":3,"minecraft:oak_boat":6,"minecraft:cobblestone_slab":5,"minecraft:spruce_slab":1,"minecraft:light_gray_wool":1,"minecraft:lectern":2,"minecraft:sugar_cane":5,"minecraft:chest":4,"minecraft:spruce_trapdoor":4,"minecraft:furnace":2,"minecraft:dark_oak_sapling":290,"minecraft:stick":221,"minecraft:raw_iron":16,"minecraft:torch":77,"minecraft:acacia_log":56,"minecraft:porkchop":7,"minecraft:dried_kelp":5,"minecraft:carrot":17,"minecraft:light_blue_bed":3,"minecraft:dark_oak_planks":43,"minecraft:rotten_flesh":18,"minecraft:arrow":3,"minecraft:stone_shovel":3,"minecraft:light_blue_wool":3,"minecraft:beetroot_seeds":3,"minecraft:peony":5,"minecraft:glow_berries":10,"minecraft:mutton":17,"minecraft:cod":3,"minecraft:white_wool":8,"minecraft:cobblestone":464,"minecraft:feather":2,"minecraft:cooked_beef":6,"minecraft:water_bucket":4,"minecraft:salmon":4,"minecraft:leather":1,"spelunkers_charm:old_miners_bundle":3,"minecraft:flint":3,"minecraft:oak_log":249,"minecraft:dirt":122,"minecraft:wooden_hoe":3,"minecraft:paper":4,"minecraft:lantern":2,"minecraft:name_tag":1,"minecraft:cooked_mutton":4,"minecraft:bone":3,"minecraft:apple":29,"minecraft:stone_bricks":2,"minecraft:wheat_seeds":20,"minecraft:iron_ingot":27,"minecraft:stone_pickaxe":4,"minecraft:cooked_chicken":3,"minecraft:fletching_table":3,"minecraft:oak_planks":20,"minecraft:acacia_sapling":12,"minecraft:gravel":12,"minecraft:stripped_spruce_log":5,"minecraft:spruce_sapling":160,"minecraft:ink_sac":2,"minecraft:white_bed":2,"minecraft:spruce_log":213,"minecraft:dark_oak_log":245,"minecraft:bread":38,"minecraft:oak_sapling":19,"spelunkers_charm:rock":5,"minecraft:coal":95},"minecraft:killed_by":{"minecraft:zombie":4},"minecraft:killed":{"minecraft:skeleton":2,"minecraft:pig":4,"minecraft:creeper":1,"minecraft:sheep":6,"minecraft:zombie":4,"minecraft:villager":1},"minecraft:dropped":{"minecraft:wheat_seeds":5,"minecraft:cobblestone":3,"minecraft:iron_axe":1,"minecraft:bone":2,"minecraft:rotten_flesh":6,"minecraft:stone_slab":1,"minecraft:cooked_mutton":8,"minecraft:peony":1,"minecraft:stone_bricks":1,"minecraft:wooden_pickaxe":1},"minecraft:custom":{"minecraft:mob_kills":20,"minecraft:interact_with_crafting_table":21,"minecraft:open_barrel":36,"minecraft:leave_game":1,"minecraft:time_since_death":19806,"minecraft:climb_one_cm":4982,"minecraft:sprint_one_cm":303464,"minecraft:walk_one_cm":235754,"minecraft:drop":12,"minecraft:talked_to_villager":5,"minecraft:play_time":124852,"minecraft:deaths":4,"minecraft:sneak_time":9331,"minecraft:walk_under_water_one_cm":2246,"minecraft:boat_one_cm":69818,"minecraft:jump":1550,"minecraft:walk_on_water_one_cm":10811,"minecraft:total_world_time":124852,"minecraft:interact_with_furnace":21,"minecraft:sleep_in_bed":7,"minecraft:time_since_rest":7616,"minecraft:damage_taken":2140,"minecraft:damage_dealt":2138,"minecraft:swim_one_cm":23224,"minecraft:fly_one_cm":313833,"minecraft:open_chest":14,"minecraft:crouch_one_cm":27784,"minecraft:fall_one_cm":43548,"minecraft:horse_one_cm":32565},"minecraft:mined":{"minecraft:dark_oak_planks":30,"minecraft:white_bed":1,"minecraft:farmland":2,"minecraft:light_blue_wool":3,"minecraft:dark_oak_log":95,"minecraft:acacia_log":63,"minecraft:grass_block":41,"minecraft:decorated_pot":2,"minecraft:cartography_table":2,"minecraft:large_fern":6,"minecraft:furnace":1,"minecraft:carrots":3,"minecraft:iron_ore":16,"minecraft:stripped_spruce_log":1,"minecraft:fletching_table":2,"minecraft:cobblestone_slab":5,"minecraft:stone":119,"minecraft:spruce_slab":1,"minecraft:torch":5,"minecraft:crafting_table":1,"minecraft:chest":2,"minecraft:lectern":1,"minecraft:stone_slab":1,"minecraft:cobblestone":6,"minecraft:copper_ore":3,"spelunkers_charm:rock_pile_2":1,"minecraft:tall_grass":29,"minecraft:oak_planks":4,"minecraft:sugar_cane":3,"minecraft:wall_torch":2,"spelunkers_charm:rock_pile_3":1,"minecraft:light_blue_bed":3,"minecraft:spruce_log":100,"minecraft:grass":56,"minecraft:oak_log":72,"minecraft:coal_ore":51,"minecraft:gravel":3,"minecraft:dirt":15,"minecraft:fern":7}},"DataVersion":3465}