{"stats":{"minecraft:custom":{"minecraft:time_since_rest":948,"minecraft:interact_with_furnace":15,"minecraft:sprint_one_cm":104442,"minecraft:damage_taken":335,"minecraft:walk_one_cm":61752,"minecraft:mob_kills":12,"minecraft:drop":4,"minecraft:damage_dealt":1265,"minecraft:swim_one_cm":19197,"minecraft:interact_with_crafting_table":8,"minecraft:fly_one_cm":93391,"minecraft:open_barrel":22,"minecraft:crouch_one_cm":4027,"minecraft:play_time":41052,"minecraft:sneak_time":1957,"minecraft:walk_under_water_one_cm":1111,"minecraft:jump":474,"minecraft:time_since_death":41052,"minecraft:walk_on_water_one_cm":3470,"minecraft:sleep_in_bed":2,"minecraft:total_world_time":41052,"minecraft:climb_one_cm":970,"minecraft:fall_one_cm":14058},"minecraft:used":{"minecraft:stone_pickaxe":18,"minecraft:wooden_pickaxe":42,"minecraft:sugar_cane":5,"minecraft:cooked_salmon":4,"minecraft:stone_axe":179,"minecraft:crafting_table":1,"minecraft:cooked_beef":1},"minecraft:crafted":{"minecraft:cooked_beef":9,"minecraft:oak_planks":40,"minecraft:charcoal":2,"minecraft:crafting_table":1,"minecraft:stick":8,"minecraft:wooden_pickaxe":1,"minecraft:stone_pickaxe":1,"minecraft:chest":1,"minecraft:acacia_planks":12,"minecraft:torch":20,"minecraft:stone_axe":2,"minecraft:air":0},"minecraft:broken":{"minecraft:stone_axe":1},"minecraft:mined":{"minecraft:large_fern":1,"spelunkers_charm:rock_pile_3":1,"minecraft:iron_ore":8,"minecraft:coal_ore":26,"minecraft:grass":3,"minecraft:acacia_log":63,"minecraft:grass_block":3,"minecraft:oak_log":72,"minecraft:decorated_pot":2,"minecraft:copper_ore":3,"spelunkers_charm:rock_pile_2":1,"minecraft:tall_grass":10,"minecraft:sugar_cane":3,"minecraft:stone":19,"minecraft:fern":1},"minecraft:killed":{"minecraft:sheep":3,"minecraft:skeleton":2,"minecraft:pig":4,"minecraft:creeper":1},"minecraft:dropped":{"minecraft:cobblestone":3,"minecraft:cooked_mutton":8,"minecraft:bone":2},"minecraft:picked_up":{"minecraft:raw_iron":8,"minecraft:stick":11,"minecraft:leather":1,"minecraft:acacia_log":56,"minecraft:porkchop":7,"minecraft:dried_kelp":5,"minecraft:oak_log":64,"minecraft:brick":8,"minecraft:dirt":5,"minecraft:raw_copper":14,"minecraft:cooked_mutton":4,"minecraft:bone":3,"minecraft:arrow":3,"minecraft:beetroot":2,"minecraft:apple":2,"minecraft:wheat_seeds":1,"minecraft:beef":3,"minecraft:light_gray_wool":1,"minecraft:mutton":6,"minecraft:oak_sapling":15,"minecraft:sugar_cane":5,"spelunkers_charm:rock":5,"minecraft:coal":26,"minecraft:acacia_sapling":12,"minecraft:white_wool":2,"minecraft:cobblestone":19}},"DataVersion":3465}