{"stats":{"minecraft:broken":{"minecraft:stone_hoe":1,"minecraft:stone_pickaxe":2,"minecraft:iron_axe":2,"minecraft:stone_axe":2,"minecraft:iron_pickaxe":1},"minecraft:crafted":{"minecraft:oak_planks":92,"minecraft:cobblestone_slab":84,"minecraft:stone_shovel":1,"minecraft:furnace":5,"minecraft:dark_oak_trapdoor":8,"minecraft:bone_meal":36,"minecraft:iron_boots":1,"sophisticatedbackpacks:copper_backpack":1,"minecraft:iron_axe":3,"minecraft:stone_pickaxe":2,"minecraft:chest":2,"minecraft:dark_oak_planks":200,"minecraft:stone_hoe":2,"minecraft:smoker":2,"sophisticatedbackpacks:iron_backpack":1,"minecraft:cooked_beef":9,"minecraft:oak_slab":18,"sophisticatedbackpacks:backpack":1,"minecraft:cooked_porkchop":8,"minecraft:crafting_table":4,"minecraft:wooden_pickaxe":1,"minecraft:iron_helmet":1,"minecraft:copper_ingot":8,"sophisticatedbackpacks:gold_backpack":1,"minecraft:bucket":2,"minecraft:stone_axe":2,"minecraft:air":0,"minecraft:oak_boat":2,"minecraft:iron_chestplate":1,"minecraft:wooden_hoe":1,"minecraft:charcoal":2,"minecraft:shield":1,"minecraft:stick":16,"minecraft:iron_ingot":50,"minecraft:iron_pickaxe":2,"minecraft:light_blue_bed":1,"minecraft:iron_leggings":1,"minecraft:gold_ingot":8,"minecraft:composter":2,"minecraft:acacia_planks":12,"minecraft:torch":100},"minecraft:used":{"minecraft:peony":1,"minecraft:stone_shovel":39,"minecraft:chest":4,"minecraft:shield":67,"minecraft:cooked_salmon":4,"minecraft:cooked_chicken":3,"minecraft:stone_hoe":157,"minecraft:torch":131,"minecraft:dirt":43,"minecraft:carrot":231,"minecraft:dark_oak_planks":192,"minecraft:iron_axe":418,"minecraft:light_blue_bed":5,"minecraft:iron_boots":1,"minecraft:melon_seeds":4,"minecraft:bow":2,"minecraft:furnace":5,"minecraft:cooked_beef":17,"minecraft:cobbled_deepslate":7,"minecraft:water_bucket":19,"minecraft:stone_pickaxe":245,"minecraft:oak_planks":7,"minecraft:wooden_pickaxe":52,"minecraft:composter":2,"minecraft:cobblestone_slab":86,"minecraft:sugar_cane":12,"minecraft:glow_berries":2,"minecraft:dark_oak_trapdoor":8,"minecraft:crafting_table":11,"minecraft:white_bed":7,"minecraft:smoker":4,"minecraft:spruce_log":6,"minecraft:wooden_hoe":60,"minecraft:apple":2,"minecraft:bread":16,"minecraft:iron_pickaxe":289,"minecraft:stone_slab":3,"minecraft:stone_axe":281,"minecraft:cobblestone":27,"minecraft:cooked_porkchop":5,"minecraft:bucket":21,"minecraft:oak_boat":6,"minecraft:bone_meal":10},"minecraft:picked_up":{"minecraft:iron_chestplate":2,"minecraft:crafting_table":10,"minecraft:lead":2,"minecraft:clay_ball":196,"minecraft:stone_slab":7,"minecraft:wooden_pickaxe":5,"minecraft:enchanted_book":2,"minecraft:shield":2,"minecraft:brick":8,"minecraft:string":35,"minecraft:raw_copper":282,"minecraft:iron_axe":8,"minecraft:beetroot_soup":1,"minecraft:iron_leggings":2,"minecraft:beetroot":2,"minecraft:cartography_table":3,"minecraft:cobbled_deepslate":345,"minecraft:spruce_planks":1,"minecraft:beef":27,"minecraft:oak_boat":11,"minecraft:cobblestone_slab":8,"minecraft:azalea":1,"minecraft:light_gray_wool":1,"minecraft:iron_pickaxe":3,"minecraft:spruce_slab":1,"minecraft:lectern":2,"minecraft:melon_slice":7,"minecraft:sugar_cane":12,"minecraft:chest":6,"minecraft:spruce_trapdoor":4,"minecraft:iron_boots":2,"minecraft:furnace":5,"minecraft:dark_oak_sapling":290,"minecraft:stick":278,"minecraft:raw_iron":137,"minecraft:torch":247,"minecraft:acacia_log":56,"minecraft:porkchop":23,"minecraft:dried_kelp":5,"minecraft:carrot":17,"minecraft:light_blue_bed":3,"minecraft:dark_oak_planks":52,"minecraft:stone_shovel":5,"minecraft:arrow":5,"minecraft:rotten_flesh":20,"minecraft:light_blue_wool":3,"minecraft:tropical_fish":4,"minecraft:beetroot_seeds":3,"minecraft:peony":5,"minecraft:hay_block":12,"minecraft:totem_of_undying":1,"minecraft:glow_berries":24,"minecraft:mutton":17,"minecraft:cod":3,"minecraft:cobblestone":738,"minecraft:white_wool":8,"minecraft:feather":2,"minecraft:cooked_beef":42,"minecraft:water_bucket":7,"minecraft:salmon":4,"minecraft:leather":31,"minecraft:smoker":3,"spelunkers_charm:old_miners_bundle":3,"minecraft:flint":3,"minecraft:tuff":11,"minecraft:oak_log":249,"minecraft:wooden_hoe":3,"minecraft:lapis_lazuli":24,"minecraft:dirt":145,"minecraft:paper":4,"minecraft:lantern":2,"minecraft:name_tag":1,"minecraft:cooked_mutton":4,"minecraft:bone":13,"minecraft:apple":29,"minecraft:stone_bricks":2,"minecraft:bow":3,"minecraft:stone_pickaxe":6,"minecraft:wheat_seeds":22,"minecraft:raw_gold":42,"minecraft:iron_ingot":60,"minecraft:cooked_chicken":9,"minecraft:fletching_table":3,"minecraft:moss_block":20,"minecraft:oak_planks":21,"minecraft:acacia_sapling":12,"minecraft:music_disc_13":1,"minecraft:cooked_porkchop":8,"minecraft:axolotl_bucket":2,"minecraft:gravel":12,"minecraft:stripped_spruce_log":5,"minecraft:spruce_sapling":160,"minecraft:ink_sac":2,"minecraft:blast_furnace":1,"minecraft:white_bed":10,"minecraft:spruce_log":213,"minecraft:dark_oak_log":315,"minecraft:spider_eye":1,"minecraft:barrel":1,"minecraft:sugar":3,"minecraft:iron_helmet":2,"minecraft:granite":9,"minecraft:emerald":3,"minecraft:bread":42,"minecraft:oak_sapling":19,"spelunkers_charm:rock":5,"minecraft:coal":155},"minecraft:killed_by":{"minecraft:spider":2,"minecraft:zombie":6},"minecraft:killed":{"minecraft:evoker":1,"minecraft:witch":2,"minecraft:spider":12,"minecraft:vindicator":3,"minecraft:skeleton":5,"minecraft:husk":1,"minecraft:pig":9,"majruszsdifficulty:cursed_armor":1,"minecraft:creeper":1,"minecraft:sheep":6,"minecraft:trader_llama":2,"minecraft:pillager":10,"minecraft:zombie":6,"minecraft:wither_skeleton":2,"minecraft:villager":1,"minecraft:cow":6},"minecraft:dropped":{"minecraft:moss_block":4,"minecraft:wheat_seeds":5,"minecraft:cobblestone":3,"minecraft:granite":6,"minecraft:tropical_fish":2,"minecraft:emerald":1,"minecraft:melon_slice":7,"minecraft:iron_axe":1,"minecraft:string":12,"minecraft:dark_oak_planks":4,"minecraft:bone":2,"minecraft:tuff":11,"minecraft:rotten_flesh":8,"minecraft:stone_slab":1,"minecraft:cooked_mutton":8,"minecraft:peony":1,"minecraft:azalea":1,"minecraft:oak_boat":1,"minecraft:stone_bricks":1,"minecraft:wooden_pickaxe":1,"minecraft:raw_gold":12},"minecraft:custom":{"minecraft:mob_kills":73,"minecraft:interact_with_crafting_table":55,"minecraft:open_barrel":39,"minecraft:damage_dealt_resisted":2667,"minecraft:leave_game":5,"minecraft:time_since_death":42899,"minecraft:climb_one_cm":6217,"minecraft:sprint_one_cm":498458,"minecraft:walk_one_cm":371668,"minecraft:damage_blocked_by_shield":1710,"minecraft:drop":27,"minecraft:talked_to_villager":9,"minecraft:play_time":219977,"minecraft:sneak_time":21963,"minecraft:deaths":8,"minecraft:walk_under_water_one_cm":10708,"minecraft:boat_one_cm":69818,"minecraft:jump":2902,"minecraft:walk_on_water_one_cm":34215,"minecraft:total_world_time":219977,"minecraft:interact_with_furnace":67,"minecraft:sleep_in_bed":13,"minecraft:time_since_rest":2134,"minecraft:damage_taken":4733,"minecraft:damage_dealt":13283,"minecraft:fly_one_cm":537474,"minecraft:swim_one_cm":33735,"minecraft:open_chest":31,"minecraft:crouch_one_cm":55410,"minecraft:interact_with_smoker":8,"minecraft:fall_one_cm":76556,"minecraft:horse_one_cm":32565},"minecraft:mined":{"minecraft:dark_oak_planks":31,"minecraft:tuff":11,"minecraft:spruce_planks":1,"minecraft:white_bed":7,"minecraft:farmland":2,"minecraft:light_blue_wool":3,"minecraft:dark_oak_log":95,"minecraft:granite":3,"minecraft:acacia_log":63,"minecraft:grass_block":42,"minecraft:decorated_pot":2,"minecraft:moss_block":5,"minecraft:cartography_table":2,"minecraft:large_fern":6,"minecraft:hay_block":12,"minecraft:furnace":2,"minecraft:carrots":3,"minecraft:iron_ore":70,"minecraft:barrel":1,"minecraft:cobbled_deepslate":1,"minecraft:stripped_spruce_log":1,"minecraft:moss_carpet":2,"minecraft:deepslate_lapis_ore":2,"minecraft:fletching_table":2,"minecraft:cave_vines":1,"minecraft:deepslate_iron_ore":13,"minecraft:cobblestone_slab":7,"minecraft:azalea":1,"minecraft:stone":135,"minecraft:spruce_slab":1,"minecraft:smoker":2,"minecraft:torch":20,"minecraft:crafting_table":7,"minecraft:clay":16,"minecraft:melon":1,"minecraft:chest":4,"minecraft:lectern":1,"minecraft:stone_slab":4,"minecraft:copper_ore":25,"spelunkers_charm:rock_pile_2":1,"minecraft:tall_grass":36,"minecraft:cobblestone":6,"minecraft:deepslate_gold_ore":8,"minecraft:sugar_cane":6,"minecraft:oak_planks":5,"minecraft:wall_torch":14,"minecraft:deepslate_copper_ore":9,"spelunkers_charm:rock_pile_3":1,"minecraft:light_blue_bed":3,"minecraft:spruce_log":100,"minecraft:grass":80,"minecraft:oak_log":72,"minecraft:coal_ore":84,"minecraft:gravel":3,"minecraft:dirt":28,"minecraft:gold_ore":6,"minecraft:deepslate":138,"minecraft:fern":8}},"DataVersion":3465}