{"stats":{"minecraft:broken":{"minecraft:stone_hoe":1,"minecraft:stone_pickaxe":2,"minecraft:iron_axe":2,"minecraft:stone_axe":2,"minecraft:iron_pickaxe":1},"minecraft:crafted":{"minecraft:oak_planks":92,"minecraft:cobblestone_slab":84,"minecraft:stone_shovel":1,"minecraft:cooked_chicken":3,"minecraft:furnace":7,"minecraft:dark_oak_trapdoor":8,"minecraft:bone_meal":36,"minecraft:iron_boots":1,"sophisticatedbackpacks:copper_backpack":1,"minecraft:iron_axe":3,"minecraft:stone_pickaxe":2,"minecraft:chest":5,"minecraft:dark_oak_planks":228,"minecraft:stone_hoe":2,"minecraft:birch_sign":6,"minecraft:smoker":2,"sophisticatedbackpacks:iron_backpack":1,"minecraft:cooked_beef":11,"minecraft:oak_slab":18,"sophisticatedbackpacks:backpack":2,"minecraft:cooked_porkchop":8,"minecraft:crafting_table":7,"minecraft:wooden_pickaxe":1,"minecraft:iron_helmet":1,"minecraft:birch_planks":20,"minecraft:copper_ingot":8,"sophisticatedbackpacks:gold_backpack":1,"minecraft:bucket":2,"minecraft:stone_axe":2,"minecraft:air":0,"minecraft:oak_boat":2,"minecraft:iron_chestplate":1,"minecraft:wooden_hoe":1,"minecraft:charcoal":2,"minecraft:shield":1,"minecraft:stick":16,"minecraft:iron_ingot":50,"minecraft:iron_pickaxe":2,"minecraft:light_blue_bed":1,"minecraft:iron_leggings":1,"minecraft:gold_ingot":8,"minecraft:composter":2,"minecraft:acacia_planks":12,"minecraft:torch":100},"minecraft:used":{"minecraft:peony":1,"minecraft:stone_sword":7,"minecraft:iron_bars":6,"minecraft:stone_shovel":39,"minecraft:chest":8,"minecraft:shield":67,"minecraft:cooked_salmon":4,"minecraft:cooked_chicken":7,"minecraft:stone_hoe":157,"minecraft:torch":131,"minecraft:dirt":43,"minecraft:spruce_stairs":1,"minecraft:carrot":231,"minecraft:dark_oak_planks":192,"minecraft:oak_stairs":1,"minecraft:iron_axe":515,"minecraft:light_blue_bed":5,"minecraft:iron_boots":1,"minecraft:barrel":1,"minecraft:melon_seeds":4,"minecraft:bow":2,"minecraft:furnace":9,"minecraft:cooked_beef":20,"minecraft:cobbled_deepslate":7,"minecraft:water_bucket":19,"minecraft:stone_pickaxe":245,"minecraft:oak_planks":7,"minecraft:wooden_pickaxe":52,"minecraft:composter":2,"minecraft:cobblestone_slab":86,"minecraft:sugar_cane":12,"minecraft:birch_sign":8,"minecraft:glow_berries":2,"minecraft:dark_oak_trapdoor":8,"minecraft:crafting_table":17,"minecraft:white_bed":10,"minecraft:smoker":5,"minecraft:spruce_log":6,"minecraft:wooden_hoe":60,"minecraft:apple":2,"minecraft:bread":16,"minecraft:iron_pickaxe":305,"minecraft:stone_slab":3,"minecraft:spruce_trapdoor":8,"minecraft:stone_axe":281,"minecraft:cobblestone":31,"minecraft:cooked_porkchop":5,"minecraft:bucket":21,"minecraft:oak_boat":6,"minecraft:bone_meal":10},"minecraft:picked_up":{"minecraft:iron_chestplate":2,"minecraft:crafting_table":14,"minecraft:lead":2,"minecraft:clay_ball":260,"minecraft:stone_slab":7,"minecraft:wooden_pickaxe":5,"minecraft:oak_stairs":1,"minecraft:enchanted_book":2,"minecraft:shield":2,"minecraft:brick":8,"minecraft:string":35,"minecraft:raw_copper":342,"minecraft:iron_axe":8,"minecraft:red_candle":3,"minecraft:beetroot_soup":1,"minecraft:iron_leggings":2,"minecraft:beetroot":2,"minecraft:cartography_table":4,"minecraft:cobbled_deepslate":345,"minecraft:spruce_planks":2,"minecraft:beef":42,"minecraft:oak_boat":11,"minecraft:cobblestone_slab":8,"minecraft:azalea":1,"minecraft:light_gray_wool":1,"minecraft:iron_pickaxe":3,"minecraft:spruce_slab":1,"minecraft:lectern":2,"minecraft:melon_slice":7,"minecraft:sugar_cane":12,"minecraft:chest":10,"minecraft:birch_sapling":1,"minecraft:spruce_trapdoor":12,"minecraft:egg":2,"minecraft:iron_boots":2,"minecraft:furnace":7,"minecraft:spruce_pressure_plate":6,"minecraft:dark_oak_sapling":290,"minecraft:stick":278,"minecraft:raw_iron":137,"minecraft:copper_ingot":31,"minecraft:torch":249,"minecraft:acacia_log":56,"minecraft:spruce_stairs":17,"minecraft:porkchop":28,"minecraft:dried_kelp":5,"minecraft:redstone":2,"minecraft:carrot":17,"minecraft:light_blue_bed":3,"minecraft:dark_oak_planks":52,"minecraft:stone_shovel":5,"minecraft:arrow":5,"minecraft:rotten_flesh":27,"minecraft:light_blue_wool":3,"minecraft:tropical_fish":4,"minecraft:beetroot_seeds":3,"minecraft:peony":5,"minecraft:hay_block":12,"minecraft:totem_of_undying":1,"minecraft:iron_bars":9,"minecraft:glow_berries":30,"minecraft:mutton":30,"minecraft:cod":3,"minecraft:cobblestone":741,"minecraft:white_wool":18,"minecraft:birch_log":5,"minecraft:feather":2,"minecraft:cooked_beef":42,"minecraft:water_bucket":7,"minecraft:salmon":4,"minecraft:leather":39,"minecraft:smoker":4,"spelunkers_charm:old_miners_bundle":3,"minecraft:flint":3,"minecraft:tuff":11,"minecraft:oak_log":249,"minecraft:gunpowder":17,"minecraft:wooden_hoe":3,"minecraft:lapis_lazuli":36,"minecraft:dirt":145,"minecraft:paper":4,"minecraft:lantern":2,"minecraft:name_tag":4,"minecraft:cooked_mutton":4,"minecraft:bone":13,"minecraft:apple":29,"minecraft:stone_bricks":2,"minecraft:bow":3,"minecraft:stone_pickaxe":6,"minecraft:wheat_seeds":26,"minecraft:raw_gold":46,"minecraft:iron_ingot":63,"minecraft:cooked_chicken":9,"minecraft:fletching_table":3,"minecraft:moss_block":20,"minecraft:oak_planks":34,"minecraft:acacia_sapling":12,"minecraft:music_disc_13":1,"minecraft:cooked_porkchop":8,"minecraft:axolotl_bucket":2,"minecraft:gravel":12,"minecraft:stripped_spruce_log":5,"minecraft:spruce_sapling":160,"minecraft:ink_sac":2,"minecraft:blast_furnace":1,"minecraft:white_bed":12,"minecraft:spruce_log":213,"minecraft:dark_oak_log":315,"minecraft:spider_eye":2,"minecraft:barrel":1,"minecraft:sugar":4,"minecraft:iron_helmet":2,"minecraft:granite":9,"minecraft:birch_sign":2,"minecraft:gray_wool":1,"minecraft:emerald":4,"minecraft:bread":42,"minecraft:oak_sapling":19,"minecraft:black_wool":1,"spelunkers_charm:rock":5,"minecraft:coal":155},"minecraft:killed_by":{"minecraft:spider":2,"minecraft:zombie":6},"minecraft:killed":{"minecraft:evoker":1,"minecraft:witch":2,"minecraft:vindicator":3,"minecraft:spider":12,"minecraft:skeleton":5,"minecraft:husk":1,"minecraft:pig":13,"minecraft:iron_golem":1,"majruszsdifficulty:cursed_armor":1,"minecraft:creeper":1,"minecraft:sheep":18,"minecraft:trader_llama":2,"minecraft:pillager":10,"minecraft:zombie":6,"minecraft:wither_skeleton":2,"minecraft:villager":1,"minecraft:cow":14},"minecraft:dropped":{"minecraft:moss_block":4,"minecraft:wheat_seeds":5,"minecraft:cobblestone":3,"minecraft:granite":6,"minecraft:tropical_fish":2,"minecraft:emerald":1,"minecraft:melon_slice":7,"minecraft:iron_axe":1,"minecraft:string":12,"minecraft:dark_oak_planks":4,"minecraft:bone":2,"minecraft:tuff":11,"minecraft:rotten_flesh":8,"minecraft:stone_slab":1,"minecraft:cooked_mutton":8,"minecraft:blast_furnace":1,"minecraft:peony":1,"minecraft:azalea":1,"minecraft:oak_boat":1,"minecraft:stone_bricks":1,"minecraft:wooden_pickaxe":1,"minecraft:raw_gold":12},"minecraft:custom":{"minecraft:mob_kills":98,"minecraft:interact_with_crafting_table":68,"minecraft:open_barrel":46,"minecraft:damage_dealt_resisted":2667,"minecraft:leave_game":5,"minecraft:time_since_death":94757,"minecraft:climb_one_cm":6217,"minecraft:sprint_one_cm":630936,"minecraft:walk_one_cm":493752,"minecraft:damage_blocked_by_shield":1710,"minecraft:drop":28,"minecraft:talked_to_villager":9,"minecraft:play_time":271835,"minecraft:sneak_time":24014,"minecraft:deaths":8,"minecraft:walk_under_water_one_cm":10753,"minecraft:boat_one_cm":69818,"minecraft:jump":3589,"minecraft:walk_on_water_one_cm":35346,"minecraft:total_world_time":271835,"minecraft:interact_with_furnace":68,"minecraft:sleep_in_bed":18,"minecraft:time_since_rest":12166,"minecraft:damage_taken":4987,"minecraft:damage_dealt":16067,"minecraft:fly_one_cm":691082,"minecraft:swim_one_cm":36471,"minecraft:open_chest":87,"minecraft:crouch_one_cm":60986,"minecraft:interact_with_smoker":22,"minecraft:fall_one_cm":100782,"minecraft:horse_one_cm":32565},"minecraft:mined":{"minecraft:dark_oak_planks":31,"minecraft:tuff":11,"minecraft:spruce_planks":2,"minecraft:white_bed":9,"minecraft:farmland":2,"minecraft:light_blue_wool":3,"minecraft:dark_oak_log":95,"minecraft:spruce_trapdoor":8,"minecraft:granite":3,"minecraft:acacia_log":63,"minecraft:grass_block":42,"minecraft:decorated_pot":2,"minecraft:moss_block":5,"minecraft:cartography_table":3,"minecraft:large_fern":6,"minecraft:hay_block":12,"minecraft:furnace":4,"minecraft:carrots":3,"minecraft:iron_ore":70,"minecraft:barrel":1,"minecraft:cobbled_deepslate":1,"minecraft:stripped_spruce_log":1,"minecraft:moss_carpet":2,"minecraft:deepslate_lapis_ore":2,"minecraft:fletching_table":2,"minecraft:oak_stairs":1,"minecraft:iron_bars":9,"minecraft:spruce_pressure_plate":3,"minecraft:cave_vines":1,"minecraft:deepslate_iron_ore":13,"minecraft:cobblestone_slab":7,"minecraft:birch_wall_sign":2,"minecraft:azalea":1,"minecraft:stone":135,"minecraft:spruce_slab":1,"minecraft:smoker":3,"minecraft:torch":20,"minecraft:crafting_table":11,"minecraft:clay":16,"minecraft:melon":1,"minecraft:chest":8,"minecraft:lectern":1,"minecraft:stone_slab":4,"minecraft:tall_grass":42,"spelunkers_charm:rock_pile_2":1,"minecraft:copper_ore":25,"minecraft:cobblestone":9,"minecraft:deepslate_gold_ore":8,"minecraft:sugar_cane":6,"minecraft:oak_planks":18,"minecraft:wall_torch":14,"minecraft:deepslate_copper_ore":9,"minecraft:spruce_stairs":17,"minecraft:red_candle":1,"spelunkers_charm:rock_pile_3":1,"minecraft:light_blue_bed":3,"minecraft:birch_log":5,"minecraft:spruce_log":100,"minecraft:grass":93,"minecraft:oak_log":72,"minecraft:coal_ore":84,"minecraft:gravel":3,"minecraft:dirt":28,"minecraft:gold_ore":6,"minecraft:deepslate":138,"minecraft:fern":8}},"DataVersion":3465}