{"stats":{"minecraft:broken":{"minecraft:stone_hoe":1,"minecraft:stone_pickaxe":2,"minecraft:iron_axe":1,"minecraft:stone_axe":2},"minecraft:crafted":{"minecraft:oak_planks":92,"minecraft:stone_shovel":1,"minecraft:cobblestone_slab":84,"minecraft:furnace":4,"minecraft:dark_oak_trapdoor":8,"minecraft:iron_boots":1,"minecraft:iron_axe":2,"minecraft:stone_pickaxe":2,"minecraft:chest":1,"minecraft:dark_oak_planks":184,"minecraft:stone_hoe":1,"minecraft:smoker":2,"minecraft:cooked_beef":9,"minecraft:oak_slab":18,"minecraft:cooked_porkchop":6,"minecraft:crafting_table":4,"minecraft:wooden_pickaxe":1,"minecraft:bucket":1,"minecraft:stone_axe":2,"minecraft:air":0,"minecraft:oak_boat":2,"minecraft:wooden_hoe":1,"minecraft:charcoal":2,"minecraft:stick":12,"minecraft:iron_ingot":6,"minecraft:iron_pickaxe":1,"minecraft:light_blue_bed":1,"minecraft:composter":2,"minecraft:acacia_planks":12,"minecraft:torch":100},"minecraft:used":{"minecraft:peony":1,"minecraft:stone_shovel":27,"minecraft:chest":2,"minecraft:cooked_chicken":3,"minecraft:cooked_salmon":4,"minecraft:stone_hoe":133,"minecraft:torch":81,"minecraft:dirt":33,"minecraft:carrot":231,"minecraft:dark_oak_planks":192,"minecraft:iron_axe":245,"minecraft:light_blue_bed":5,"minecraft:iron_boots":1,"minecraft:bow":2,"minecraft:furnace":3,"minecraft:cooked_beef":9,"minecraft:water_bucket":18,"minecraft:stone_pickaxe":245,"minecraft:oak_planks":7,"minecraft:wooden_pickaxe":52,"minecraft:composter":2,"minecraft:cobblestone_slab":86,"minecraft:sugar_cane":5,"minecraft:glow_berries":2,"minecraft:dark_oak_trapdoor":8,"minecraft:crafting_table":8,"minecraft:white_bed":3,"minecraft:smoker":2,"minecraft:spruce_log":6,"minecraft:wooden_hoe":60,"minecraft:apple":2,"minecraft:bread":16,"minecraft:iron_pickaxe":104,"minecraft:stone_slab":3,"minecraft:stone_axe":281,"minecraft:cobblestone":27,"minecraft:cooked_porkchop":1,"minecraft:bucket":19,"minecraft:oak_boat":6},"minecraft:picked_up":{"minecraft:crafting_table":6,"minecraft:clay_ball":12,"minecraft:stone_slab":7,"minecraft:wooden_pickaxe":5,"minecraft:brick":8,"minecraft:string":6,"minecraft:raw_copper":131,"minecraft:iron_axe":6,"minecraft:beetroot_soup":1,"minecraft:beetroot":2,"minecraft:cartography_table":3,"minecraft:beef":27,"minecraft:oak_boat":8,"minecraft:cobblestone_slab":8,"minecraft:azalea":1,"minecraft:spruce_slab":1,"minecraft:iron_pickaxe":1,"minecraft:light_gray_wool":1,"minecraft:lectern":2,"minecraft:sugar_cane":5,"minecraft:chest":4,"minecraft:spruce_trapdoor":4,"minecraft:furnace":2,"minecraft:dark_oak_sapling":290,"minecraft:stick":259,"minecraft:raw_iron":94,"minecraft:torch":129,"minecraft:acacia_log":56,"minecraft:porkchop":23,"minecraft:dried_kelp":5,"minecraft:carrot":17,"minecraft:light_blue_bed":3,"minecraft:dark_oak_planks":44,"minecraft:rotten_flesh":19,"minecraft:arrow":5,"minecraft:stone_shovel":4,"minecraft:light_blue_wool":3,"minecraft:tropical_fish":4,"minecraft:beetroot_seeds":3,"minecraft:peony":5,"minecraft:glow_berries":18,"minecraft:mutton":17,"minecraft:cod":3,"minecraft:white_wool":8,"minecraft:cobblestone":591,"minecraft:feather":2,"minecraft:cooked_beef":6,"minecraft:water_bucket":5,"minecraft:salmon":4,"minecraft:leather":15,"spelunkers_charm:old_miners_bundle":3,"minecraft:flint":3,"minecraft:oak_log":249,"minecraft:wooden_hoe":3,"minecraft:dirt":140,"minecraft:paper":4,"minecraft:lantern":2,"minecraft:name_tag":1,"minecraft:cooked_mutton":4,"minecraft:bone":5,"minecraft:apple":29,"minecraft:stone_bricks":2,"minecraft:bow":1,"minecraft:wheat_seeds":20,"minecraft:raw_gold":8,"minecraft:iron_ingot":39,"minecraft:stone_pickaxe":5,"minecraft:cooked_chicken":9,"minecraft:fletching_table":3,"minecraft:moss_block":1,"minecraft:oak_planks":20,"minecraft:acacia_sapling":12,"minecraft:gravel":12,"minecraft:stripped_spruce_log":5,"minecraft:spruce_sapling":160,"minecraft:ink_sac":2,"minecraft:white_bed":4,"minecraft:spruce_log":213,"minecraft:dark_oak_log":283,"minecraft:sugar":1,"minecraft:granite":6,"minecraft:bread":42,"minecraft:oak_sapling":19,"spelunkers_charm:rock":5,"minecraft:coal":133},"minecraft:killed_by":{"minecraft:zombie":6},"minecraft:killed":{"minecraft:witch":2,"minecraft:spider":2,"minecraft:skeleton":3,"minecraft:pig":9,"minecraft:creeper":1,"minecraft:sheep":6,"minecraft:zombie":6,"minecraft:villager":1,"minecraft:cow":6},"minecraft:dropped":{"minecraft:wheat_seeds":5,"minecraft:cobblestone":3,"minecraft:iron_axe":1,"minecraft:bone":2,"minecraft:rotten_flesh":6,"minecraft:stone_slab":1,"minecraft:cooked_mutton":8,"minecraft:peony":1,"minecraft:stone_bricks":1,"minecraft:wooden_pickaxe":1},"minecraft:custom":{"minecraft:mob_kills":38,"minecraft:interact_with_crafting_table":29,"minecraft:open_barrel":38,"minecraft:leave_game":2,"minecraft:time_since_death":12989,"minecraft:climb_one_cm":6175,"minecraft:sprint_one_cm":417830,"minecraft:walk_one_cm":282121,"minecraft:drop":12,"minecraft:talked_to_villager":5,"minecraft:play_time":158936,"minecraft:sneak_time":16308,"minecraft:deaths":6,"minecraft:walk_under_water_one_cm":2595,"minecraft:boat_one_cm":69818,"minecraft:jump":2212,"minecraft:walk_on_water_one_cm":28097,"minecraft:total_world_time":158936,"minecraft:interact_with_furnace":27,"minecraft:sleep_in_bed":9,"minecraft:time_since_rest":13195,"minecraft:damage_taken":3315,"minecraft:damage_dealt":5207,"minecraft:swim_one_cm":23224,"minecraft:fly_one_cm":437937,"minecraft:open_chest":20,"minecraft:crouch_one_cm":44542,"minecraft:interact_with_smoker":6,"minecraft:fall_one_cm":63969,"minecraft:horse_one_cm":32565},"minecraft:mined":{"minecraft:dark_oak_planks":31,"minecraft:white_bed":3,"minecraft:farmland":2,"minecraft:light_blue_wool":3,"minecraft:dark_oak_log":95,"minecraft:granite":3,"minecraft:acacia_log":63,"minecraft:grass_block":42,"minecraft:decorated_pot":2,"minecraft:moss_block":1,"minecraft:cartography_table":2,"minecraft:large_fern":6,"minecraft:furnace":1,"minecraft:carrots":3,"minecraft:iron_ore":65,"minecraft:stripped_spruce_log":1,"minecraft:fletching_table":2,"minecraft:cave_vines":1,"minecraft:deepslate_iron_ore":11,"minecraft:cobblestone_slab":7,"minecraft:azalea":1,"minecraft:stone":135,"minecraft:spruce_slab":1,"minecraft:clay":2,"minecraft:crafting_table":4,"minecraft:torch":15,"minecraft:chest":2,"minecraft:lectern":1,"minecraft:cobblestone":6,"minecraft:stone_slab":4,"minecraft:tall_grass":33,"spelunkers_charm:rock_pile_2":1,"minecraft:copper_ore":25,"minecraft:sugar_cane":3,"minecraft:oak_planks":4,"minecraft:wall_torch":3,"minecraft:deepslate_copper_ore":3,"spelunkers_charm:rock_pile_3":1,"minecraft:light_blue_bed":3,"minecraft:spruce_log":100,"minecraft:grass":62,"minecraft:oak_log":72,"minecraft:coal_ore":84,"minecraft:gravel":3,"minecraft:dirt":23,"minecraft:gold_ore":4,"minecraft:fern":8}},"DataVersion":3465}