{"stats":{"minecraft:broken":{"minecraft:stone_pickaxe":2,"minecraft:stone_axe":2,"minecraft:stone_hoe":1,"minecraft:iron_axe":3,"minecraft:iron_pickaxe":1},"minecraft:crafted":{"minecraft:oak_planks":92,"minecraft:cobblestone_slab":84,"minecraft:cooked_chicken":3,"minecraft:iron_boots":1,"sophisticatedbackpacks:copper_backpack":1,"minecraft:chest":5,"minecraft:copper_block":7,"minecraft:stone_hoe":2,"minecraft:smoker":2,"minecraft:oak_slab":18,"sophisticatedbackpacks:backpack":2,"minecraft:cooked_porkchop":8,"minecraft:crafting_table":7,"minecraft:wooden_pickaxe":1,"minecraft:iron_helmet":1,"minecraft:copper_ingot":40,"minecraft:birch_planks":20,"sophisticatedbackpacks:upgrade_base":1,"minecraft:wooden_hoe":1,"minecraft:iron_chestplate":1,"minecraft:charcoal":2,"minecraft:shield":1,"minecraft:stick":16,"minecraft:iron_ingot":50,"minecraft:iron_pickaxe":2,"minecraft:light_blue_bed":1,"minecraft:gold_ingot":8,"minecraft:composter":2,"minecraft:stone_shovel":1,"minecraft:furnace":7,"minecraft:dark_oak_trapdoor":8,"sophisticatedbackpacks:stack_upgrade_starter_tier":1,"minecraft:bone_meal":36,"minecraft:iron_axe":3,"minecraft:stone_pickaxe":2,"minecraft:dark_oak_planks":232,"minecraft:birch_sign":6,"sophisticatedbackpacks:iron_backpack":1,"minecraft:cooked_beef":11,"sophisticatedbackpacks:gold_backpack":1,"minecraft:bucket":2,"minecraft:stone_axe":2,"minecraft:air":0,"minecraft:oak_boat":2,"minecraft:iron_leggings":1,"minecraft:white_bed":1,"minecraft:acacia_planks":12,"minecraft:torch":100},"minecraft:used":{"minecraft:peony":1,"minecraft:decorated_pot":1,"minecraft:chest":8,"minecraft:shield":68,"minecraft:carrot":231,"minecraft:light_blue_bed":5,"minecraft:bow":2,"minecraft:furnace":9,"minecraft:stone_pickaxe":245,"minecraft:oak_planks":7,"minecraft:wooden_pickaxe":52,"minecraft:composter":2,"minecraft:diamond_axe":1,"minecraft:sugar_cane":12,"minecraft:glow_berries":2,"minecraft:dark_oak_trapdoor":8,"minecraft:bread":37,"minecraft:oak_boat":6,"minecraft:bone_meal":10,"minecraft:iron_bars":6,"minecraft:stone_sword":117,"minecraft:stone_shovel":42,"minecraft:cooked_salmon":4,"minecraft:stone_hoe":186,"minecraft:cooked_chicken":7,"minecraft:torch":145,"minecraft:dirt":50,"minecraft:spruce_stairs":1,"minecraft:dark_oak_planks":192,"minecraft:iron_axe":540,"minecraft:oak_stairs":1,"minecraft:iron_boots":1,"minecraft:melon_seeds":4,"minecraft:barrel":1,"minecraft:cooked_beef":23,"minecraft:cobbled_deepslate":7,"minecraft:water_bucket":37,"minecraft:cobblestone_slab":86,"minecraft:waxed_copper_block":1,"minecraft:crafting_table":18,"minecraft:birch_sign":8,"minecraft:white_bed":13,"minecraft:spruce_log":6,"minecraft:smoker":5,"minecraft:wooden_hoe":60,"minecraft:apple":2,"minecraft:iron_pickaxe":440,"minecraft:stone_slab":3,"minecraft:spruce_trapdoor":8,"minecraft:stone_axe":281,"minecraft:cobblestone":43,"minecraft:cooked_porkchop":5,"minecraft:bucket":39},"minecraft:picked_up":{"minecraft:iron_chestplate":2,"minecraft:stone_slab":7,"minecraft:lead":2,"minecraft:oak_stairs":1,"minecraft:enchanted_book":2,"minecraft:golden_shovel":1,"minecraft:string":35,"minecraft:raw_copper":457,"minecraft:iron_leggings":2,"minecraft:beetroot_soup":1,"minecraft:red_candle":3,"minecraft:beetroot":2,"minecraft:cobbled_deepslate":345,"minecraft:spruce_planks":2,"minecraft:cobblestone_slab":8,"minecraft:azalea":1,"minecraft:iron_pickaxe":3,"minecraft:melon_slice":7,"minecraft:furnace":7,"minecraft:iron_boots":2,"minecraft:spruce_pressure_plate":6,"minecraft:stick":278,"minecraft:torch":267,"minecraft:acacia_log":56,"minecraft:spruce_stairs":17,"minecraft:porkchop":30,"minecraft:dried_kelp":5,"minecraft:rotten_flesh":29,"minecraft:light_blue_wool":3,"minecraft:tropical_fish":4,"minecraft:iron_bars":9,"minecraft:cod":3,"minecraft:cobblestone":799,"minecraft:birch_log":5,"minecraft:feather":2,"minecraft:cooked_beef":42,"minecraft:water_bucket":7,"minecraft:copper_block":1,"minecraft:smoker":4,"minecraft:flint":5,"minecraft:tuff":11,"minecraft:dirt":158,"minecraft:lapis_lazuli":36,"minecraft:lantern":2,"minecraft:name_tag":4,"minecraft:bone":13,"minecraft:bow":3,"minecraft:stonecutter":1,"minecraft:wheat_seeds":37,"minecraft:raw_gold":46,"minecraft:grindstone":2,"minecraft:fletching_table":3,"minecraft:bamboo":6,"minecraft:powered_rail":4,"minecraft:moss_block":20,"minecraft:oak_planks":34,"minecraft:cooked_porkchop":8,"minecraft:music_disc_13":1,"minecraft:axolotl_bucket":2,"minecraft:stripped_spruce_log":5,"minecraft:ink_sac":2,"minecraft:dark_oak_log":315,"minecraft:barrel":1,"minecraft:mossy_cobblestone":9,"minecraft:sugar":4,"minecraft:granite":9,"minecraft:golden_apple":1,"minecraft:bread":43,"minecraft:emerald":4,"minecraft:oak_sapling":19,"minecraft:crafting_table":15,"minecraft:clay_ball":261,"minecraft:golden_pickaxe":1,"minecraft:wooden_pickaxe":5,"minecraft:gold_block":2,"minecraft:brick":8,"minecraft:shield":2,"minecraft:iron_axe":8,"minecraft:flint_and_steel":1,"minecraft:cartography_table":4,"minecraft:beef":42,"minecraft:oak_boat":11,"minecraft:poppy":3,"minecraft:spruce_slab":1,"minecraft:light_gray_wool":1,"minecraft:lectern":2,"minecraft:sugar_cane":12,"minecraft:chest":11,"minecraft:birch_sapling":1,"minecraft:spruce_trapdoor":12,"minecraft:egg":4,"minecraft:dark_oak_sapling":290,"minecraft:raw_iron":156,"minecraft:copper_ingot":31,"minecraft:carrot":17,"minecraft:redstone":2,"minecraft:light_blue_bed":3,"minecraft:dark_oak_planks":52,"minecraft:arrow":5,"minecraft:stone_shovel":5,"minecraft:beetroot_seeds":3,"minecraft:decorated_pot":1,"minecraft:peony":5,"minecraft:hay_block":37,"minecraft:totem_of_undying":1,"minecraft:glow_berries":30,"minecraft:mutton":33,"minecraft:white_wool":27,"minecraft:salmon":4,"minecraft:leather":39,"spelunkers_charm:old_miners_bundle":4,"minecraft:oak_log":249,"minecraft:waxed_copper_block":1,"minecraft:golden_boots":1,"minecraft:gunpowder":22,"minecraft:wooden_hoe":3,"minecraft:paper":4,"minecraft:cooked_mutton":4,"minecraft:apple":29,"minecraft:stone_bricks":2,"minecraft:iron_ingot":75,"minecraft:stone_pickaxe":6,"minecraft:cooked_chicken":9,"minecraft:acacia_sapling":12,"minecraft:gravel":12,"minecraft:spruce_sapling":160,"minecraft:blast_furnace":1,"minecraft:white_bed":15,"minecraft:spruce_log":213,"minecraft:spider_eye":2,"minecraft:iron_helmet":3,"minecraft:birch_sign":2,"minecraft:gray_wool":1,"minecraft:black_wool":1,"minecraft:melon_seeds":1,"spelunkers_charm:rock":6,"minecraft:coal":158},"minecraft:killed_by":{"minecraft:zombie":6,"minecraft:spider":2},"minecraft:killed":{"minecraft:witch":2,"minecraft:spider":12,"minecraft:skeleton":5,"minecraft:pig":14,"minecraft:iron_golem":4,"minecraft:creeper":4,"minecraft:sheep":20,"minecraft:trader_llama":2,"minecraft:pillager":10,"minecraft:zombie":7,"minecraft:cow":14,"minecraft:evoker":1,"minecraft:vindicator":3,"minecraft:husk":1,"majruszsdifficulty:cursed_armor":2,"minecraft:wither_skeleton":2,"minecraft:villager":1},"minecraft:dropped":{"minecraft:moss_block":4,"minecraft:golden_pickaxe":1,"minecraft:flint":2,"minecraft:emerald":1,"minecraft:gold_block":2,"minecraft:dark_oak_planks":4,"minecraft:white_wool":7,"minecraft:bone":2,"minecraft:grindstone":1,"minecraft:rotten_flesh":8,"minecraft:cooked_mutton":8,"minecraft:golden_shovel":1,"minecraft:poppy":3,"minecraft:azalea":1,"minecraft:egg":2,"minecraft:golden_boots":1,"minecraft:wheat_seeds":9,"minecraft:iron_helmet":1,"minecraft:cobblestone":3,"minecraft:granite":6,"minecraft:tropical_fish":2,"minecraft:gray_wool":1,"minecraft:melon_slice":7,"minecraft:iron_axe":1,"minecraft:string":12,"minecraft:tuff":11,"minecraft:stone_slab":1,"minecraft:flint_and_steel":1,"minecraft:blast_furnace":1,"minecraft:peony":1,"minecraft:oak_boat":1,"minecraft:stone_bricks":1,"minecraft:wooden_pickaxe":1,"minecraft:raw_gold":12},"minecraft:custom":{"minecraft:interact_with_crafting_table":72,"minecraft:open_barrel":62,"minecraft:leave_game":5,"minecraft:time_since_death":154757,"minecraft:sprint_one_cm":883808,"minecraft:damage_blocked_by_shield":1750,"minecraft:drop":41,"minecraft:talked_to_villager":9,"minecraft:play_time":331835,"minecraft:deaths":8,"minecraft:jump":5116,"minecraft:walk_on_water_one_cm":44325,"minecraft:interact_with_furnace":78,"minecraft:sleep_in_bed":24,"minecraft:damage_dealt":20443,"minecraft:crouch_one_cm":74535,"minecraft:interact_with_smoker":26,"minecraft:horse_one_cm":32565,"minecraft:mob_kills":110,"minecraft:damage_dealt_resisted":2667,"minecraft:climb_one_cm":6217,"minecraft:walk_one_cm":607057,"minecraft:damage_dealt_absorbed":120,"minecraft:sneak_time":29144,"minecraft:walk_under_water_one_cm":15209,"minecraft:boat_one_cm":69818,"minecraft:total_world_time":331835,"minecraft:time_since_rest":2069,"minecraft:damage_taken":5938,"minecraft:swim_one_cm":71840,"minecraft:fly_one_cm":1003605,"minecraft:open_chest":122,"minecraft:fall_one_cm":151426},"minecraft:mined":{"minecraft:dark_oak_planks":31,"minecraft:spruce_planks":2,"minecraft:white_bed":12,"minecraft:farmland":2,"minecraft:spruce_trapdoor":8,"minecraft:granite":3,"minecraft:acacia_log":63,"minecraft:grass_block":43,"minecraft:cobbled_deepslate":1,"minecraft:barrel":1,"minecraft:iron_ore":92,"minecraft:fire":1,"minecraft:moss_carpet":2,"minecraft:fletching_table":2,"minecraft:deepslate_lapis_ore":2,"minecraft:cave_vines":1,"minecraft:oak_stairs":1,"minecraft:iron_bars":9,"minecraft:spruce_pressure_plate":3,"minecraft:birch_wall_sign":2,"minecraft:azalea":1,"minecraft:spruce_slab":1,"minecraft:smoker":3,"minecraft:clay":16,"minecraft:torch":20,"minecraft:melon":1,"minecraft:chest":9,"minecraft:cobblestone":30,"spelunkers_charm:rock_pile_2":1,"minecraft:oak_planks":18,"minecraft:grindstone":1,"minecraft:sugar_cane":6,"minecraft:wall_torch":14,"minecraft:deepslate_copper_ore":9,"spelunkers_charm:rock_pile_3":1,"minecraft:red_candle":1,"minecraft:birch_log":5,"minecraft:waxed_copper_block":1,"minecraft:copper_block":1,"minecraft:grass":147,"minecraft:oak_log":72,"minecraft:dirt":29,"minecraft:stonecutter":1,"minecraft:deepslate":138,"minecraft:tuff":11,"minecraft:light_blue_wool":3,"minecraft:mossy_cobblestone":11,"minecraft:dark_oak_log":95,"minecraft:decorated_pot":3,"minecraft:cartography_table":3,"minecraft:moss_block":5,"minecraft:large_fern":7,"minecraft:hay_block":37,"minecraft:furnace":4,"minecraft:carrots":3,"minecraft:stripped_spruce_log":1,"minecraft:cobblestone_slab":7,"minecraft:deepslate_iron_ore":13,"minecraft:bamboo":1,"minecraft:stone":170,"spelunkers_charm:rock_pile_1":1,"minecraft:podzol":1,"minecraft:crafting_table":12,"minecraft:lectern":1,"minecraft:stone_slab":4,"minecraft:copper_ore":63,"minecraft:tall_grass":85,"minecraft:deepslate_gold_ore":8,"minecraft:spruce_stairs":17,"minecraft:light_blue_bed":3,"minecraft:spruce_log":100,"minecraft:coal_ore":87,"minecraft:gravel":3,"minecraft:gold_ore":6,"minecraft:fern":8}},"DataVersion":3465}