{"stats":{"minecraft:broken":{"minecraft:stone_pickaxe":2,"minecraft:stone_axe":2,"minecraft:stone_shovel":1,"minecraft:stone_hoe":1,"minecraft:iron_axe":3,"minecraft:iron_pickaxe":1},"minecraft:crafted":{"minecraft:oak_planks":92,"minecraft:cobblestone_slab":84,"minecraft:barrel":2,"minecraft:cooked_chicken":3,"minecraft:iron_boots":1,"sophisticatedbackpacks:copper_backpack":1,"minecraft:melon_seeds":2,"minecraft:chest":5,"minecraft:copper_block":7,"minecraft:stone_hoe":2,"minecraft:smoker":3,"minecraft:oak_slab":24,"sophisticatedbackpacks:backpack":2,"minecraft:cooked_porkchop":8,"minecraft:crafting_table":7,"minecraft:iron_helmet":1,"minecraft:wooden_pickaxe":1,"minecraft:copper_ingot":88,"minecraft:birch_planks":20,"sophisticatedbackpacks:upgrade_base":1,"minecraft:wooden_hoe":1,"minecraft:iron_chestplate":1,"minecraft:charcoal":2,"minecraft:shield":1,"minecraft:stick":16,"minecraft:iron_pickaxe":2,"minecraft:iron_ingot":50,"minecraft:light_blue_bed":1,"minecraft:gold_ingot":8,"minecraft:composter":2,"minecraft:stone_shovel":1,"minecraft:furnace":8,"minecraft:dark_oak_trapdoor":8,"sophisticatedbackpacks:stack_upgrade_starter_tier":1,"minecraft:bone_meal":36,"minecraft:iron_axe":3,"minecraft:stone_pickaxe":2,"minecraft:dark_oak_planks":232,"minecraft:birch_sign":6,"sophisticatedbackpacks:iron_backpack":1,"minecraft:cooked_beef":11,"sophisticatedbackpacks:gold_backpack":1,"minecraft:bucket":2,"minecraft:stone_axe":2,"minecraft:air":0,"minecraft:oak_boat":2,"minecraft:iron_leggings":1,"minecraft:white_bed":1,"minecraft:acacia_planks":12,"minecraft:torch":100},"minecraft:used":{"minecraft:peony":1,"minecraft:iron_shovel":77,"minecraft:decorated_pot":1,"minecraft:chest":9,"minecraft:shield":68,"minecraft:carrot":231,"minecraft:light_blue_bed":6,"minecraft:bow":2,"minecraft:furnace":9,"minecraft:stone_pickaxe":245,"minecraft:oak_planks":7,"minecraft:wooden_pickaxe":52,"minecraft:composter":2,"minecraft:diamond_axe":40,"minecraft:sugar_cane":12,"minecraft:glow_berries":2,"minecraft:dark_oak_trapdoor":8,"minecraft:bread":48,"minecraft:gravel":90,"minecraft:oak_boat":6,"minecraft:bone_meal":10,"minecraft:oak_trapdoor":3,"minecraft:iron_bars":6,"minecraft:stone_sword":162,"minecraft:stone_shovel":134,"minecraft:cooked_salmon":4,"minecraft:stone_hoe":186,"minecraft:cooked_chicken":7,"minecraft:torch":145,"minecraft:dirt":69,"minecraft:spruce_stairs":1,"minecraft:dark_oak_planks":195,"minecraft:iron_axe":540,"minecraft:oak_stairs":1,"minecraft:iron_boots":1,"minecraft:melon_seeds":4,"minecraft:barrel":3,"minecraft:bamboo":59,"minecraft:cooked_beef":23,"minecraft:cobbled_deepslate":7,"minecraft:water_bucket":38,"minecraft:stonecutter":1,"minecraft:cobblestone_slab":86,"minecraft:waxed_copper_block":1,"minecraft:crafting_table":18,"minecraft:birch_sign":8,"minecraft:white_bed":13,"minecraft:smoker":5,"minecraft:spruce_log":6,"minecraft:wooden_hoe":60,"minecraft:apple":2,"minecraft:iron_pickaxe":450,"minecraft:stone_slab":3,"minecraft:spruce_trapdoor":8,"minecraft:stone_axe":281,"minecraft:cobblestone":43,"minecraft:cooked_porkchop":5,"minecraft:bucket":40},"minecraft:picked_up":{"minecraft:iron_chestplate":3,"minecraft:stone_slab":7,"minecraft:lead":2,"minecraft:oak_stairs":1,"minecraft:potion":1,"minecraft:enchanted_book":2,"minecraft:golden_shovel":2,"minecraft:string":37,"minecraft:raw_copper":480,"minecraft:iron_leggings":3,"minecraft:beetroot_soup":3,"minecraft:red_candle":3,"minecraft:beetroot":7,"minecraft:cobbled_deepslate":345,"minecraft:spruce_planks":110,"minecraft:cobblestone_slab":8,"minecraft:azalea":1,"minecraft:iron_pickaxe":4,"minecraft:melon_slice":48,"minecraft:iron_boots":3,"minecraft:furnace":7,"minecraft:spruce_pressure_plate":6,"minecraft:stick":278,"minecraft:torch":306,"minecraft:acacia_log":109,"minecraft:spruce_stairs":17,"minecraft:porkchop":43,"minecraft:dried_kelp":5,"minecraft:green_terracotta":1,"minecraft:stone_sword":1,"minecraft:rotten_flesh":31,"minecraft:light_blue_wool":3,"minecraft:tropical_fish":4,"minecraft:iron_bars":9,"minecraft:cod":13,"minecraft:cobblestone":835,"minecraft:birch_log":5,"minecraft:feather":4,"minecraft:cooked_beef":47,"minecraft:water_bucket":8,"minecraft:copper_block":1,"minecraft:smoker":6,"minecraft:potato":34,"minecraft:flint":19,"minecraft:tuff":11,"minecraft:stripped_spruce_wood":54,"minecraft:lapis_lazuli":36,"minecraft:dirt":224,"minecraft:lantern":4,"minecraft:name_tag":4,"minecraft:bone":13,"minecraft:acacia_planks":64,"minecraft:stonecutter":1,"minecraft:bow":4,"minecraft:wheat_seeds":48,"minecraft:raw_gold":46,"minecraft:grindstone":2,"minecraft:fletching_table":5,"minecraft:bamboo":88,"minecraft:powered_rail":4,"minecraft:moss_block":20,"minecraft:stone_hoe":1,"minecraft:oak_planks":45,"minecraft:cooked_porkchop":8,"minecraft:music_disc_13":1,"minecraft:axolotl_bucket":2,"minecraft:lime_terracotta":2,"minecraft:stripped_spruce_log":8,"minecraft:ink_sac":4,"minecraft:dark_oak_log":315,"minecraft:barrel":1,"minecraft:mossy_cobblestone":9,"minecraft:sugar":4,"minecraft:granite":9,"minecraft:golden_apple":1,"minecraft:bread":51,"minecraft:emerald":4,"minecraft:oak_sapling":21,"sophisticatedbackpacks:gold_backpack":1,"minecraft:crafting_table":17,"minecraft:clay_ball":261,"minecraft:rabbit_stew":1,"minecraft:golden_pickaxe":2,"minecraft:wooden_pickaxe":5,"minecraft:gold_block":2,"minecraft:shield":5,"minecraft:brick":8,"minecraft:oak_trapdoor":3,"minecraft:iron_axe":8,"minecraft:flint_and_steel":1,"minecraft:compass":1,"minecraft:iron_shovel":3,"minecraft:cartography_table":6,"minecraft:candle":3,"minecraft:beef":67,"minecraft:oak_boat":11,"minecraft:poppy":3,"minecraft:spruce_slab":2,"minecraft:light_gray_wool":1,"minecraft:lectern":3,"minecraft:sugar_cane":34,"minecraft:chest":11,"minecraft:birch_sapling":1,"minecraft:spruce_trapdoor":12,"minecraft:egg":4,"minecraft:dark_oak_sapling":354,"minecraft:raw_iron":156,"minecraft:copper_ingot":31,"sophisticatedbackpacks:backpack":1,"minecraft:cookie":1,"minecraft:carrot":280,"minecraft:redstone":2,"minecraft:light_blue_bed":8,"minecraft:dark_oak_planks":52,"minecraft:arrow":5,"minecraft:stone_shovel":7,"minecraft:beetroot_seeds":9,"minecraft:decorated_pot":1,"minecraft:peony":5,"minecraft:hay_block":37,"minecraft:totem_of_undying":1,"minecraft:glow_berries":44,"minecraft:mutton":52,"minecraft:white_wool":30,"minecraft:salmon":10,"minecraft:leather":51,"spelunkers_charm:old_miners_bundle":4,"minecraft:oak_log":313,"minecraft:waxed_copper_block":1,"minecraft:golden_boots":1,"minecraft:gunpowder":28,"minecraft:wooden_hoe":3,"minecraft:paper":8,"minecraft:cooked_mutton":11,"bountiful:bounty":1,"minecraft:apple":37,"minecraft:stone_bricks":6,"minecraft:iron_ingot":99,"minecraft:stone_pickaxe":7,"minecraft:cooked_chicken":9,"minecraft:gray_bed":4,"minecraft:acacia_sapling":12,"minecraft:sweet_berries":3,"minecraft:gravel":220,"minecraft:spruce_sapling":214,"minecraft:blast_furnace":1,"minecraft:white_bed":16,"minecraft:spruce_log":274,"minecraft:spider_eye":3,"minecraft:iron_helmet":4,"minecraft:diamond_axe":1,"minecraft:birch_sign":2,"minecraft:gray_wool":1,"minecraft:baked_potato":4,"minecraft:melon_seeds":8,"minecraft:black_wool":1,"spelunkers_charm:rock":6,"minecraft:coal":175},"minecraft:killed_by":{"minecraft:zombie":8,"minecraft:spider":2},"minecraft:killed":{"minecraft:witch":2,"minecraft:spider":12,"minecraft:skeleton":6,"minecraft:pig":14,"minecraft:iron_golem":4,"minecraft:creeper":5,"minecraft:sheep":20,"minecraft:trader_llama":2,"minecraft:pillager":10,"minecraft:zombie":8,"minecraft:cow":14,"minecraft:evoker":1,"minecraft:vindicator":3,"minecraft:husk":1,"majruszsdifficulty:cursed_armor":2,"minecraft:wither_skeleton":2,"minecraft:villager":1},"minecraft:dropped":{"minecraft:moss_block":4,"minecraft:porkchop":16,"minecraft:oak_log":59,"minecraft:baked_potato":4,"minecraft:golden_pickaxe":1,"minecraft:crafting_table":1,"minecraft:dark_oak_sapling":64,"minecraft:cookie":1,"minecraft:glow_berries":14,"minecraft:lantern":2,"minecraft:leather":8,"minecraft:fletching_table":2,"minecraft:cod":10,"minecraft:emerald":3,"minecraft:flint":13,"minecraft:gold_block":2,"minecraft:dirt":38,"minecraft:mutton":19,"minecraft:dark_oak_planks":4,"minecraft:white_wool":10,"minecraft:bone":2,"minecraft:gravel":6,"minecraft:compass":1,"minecraft:beetroot":5,"minecraft:grindstone":1,"minecraft:rotten_flesh":8,"minecraft:oak_planks":11,"minecraft:cooked_mutton":8,"minecraft:golden_shovel":1,"minecraft:white_bed":1,"minecraft:salmon":6,"minecraft:carrot":135,"minecraft:poppy":3,"minecraft:melon_seeds":5,"minecraft:beetroot_seeds":6,"minecraft:azalea":1,"minecraft:beef":25,"minecraft:cartography_table":2,"minecraft:lectern":1,"minecraft:egg":6,"minecraft:stone_hoe":1,"minecraft:golden_boots":1,"minecraft:stripped_spruce_log":3,"minecraft:wheat_seeds":12,"minecraft:feather":2,"minecraft:iron_helmet":1,"minecraft:cobblestone":3,"minecraft:apple":8,"minecraft:granite":6,"minecraft:tropical_fish":2,"minecraft:acacia_log":53,"minecraft:coal":17,"minecraft:gray_wool":1,"minecraft:ink_sac":2,"minecraft:gray_bed":2,"minecraft:melon_slice":7,"minecraft:iron_axe":1,"minecraft:iron_shovel":1,"minecraft:paper":4,"minecraft:string":12,"minecraft:spruce_sapling":54,"minecraft:beetroot_soup":2,"minecraft:acacia_planks":64,"minecraft:sweet_berries":3,"minecraft:raw_copper":23,"minecraft:tuff":11,"minecraft:smoker":1,"minecraft:stone_slab":1,"minecraft:flint_and_steel":1,"minecraft:blast_furnace":1,"minecraft:potato":34,"minecraft:shield":1,"minecraft:peony":1,"minecraft:spruce_planks":108,"minecraft:oak_boat":1,"minecraft:oak_sapling":2,"minecraft:stone_bricks":3,"minecraft:bamboo":6,"minecraft:spruce_log":61,"minecraft:rabbit_stew":1,"minecraft:wooden_pickaxe":1,"minecraft:raw_gold":12,"minecraft:stripped_spruce_wood":27},"minecraft:custom":{"minecraft:interact_with_crafting_table":76,"minecraft:open_barrel":112,"minecraft:leave_game":11,"minecraft:time_since_death":379,"minecraft:sprint_one_cm":1047044,"minecraft:damage_blocked_by_shield":1750,"minecraft:drop":111,"minecraft:talked_to_villager":11,"minecraft:play_time":386220,"minecraft:deaths":10,"minecraft:jump":5715,"minecraft:walk_on_water_one_cm":45054,"minecraft:interact_with_furnace":82,"minecraft:sleep_in_bed":26,"minecraft:damage_dealt":21435,"minecraft:crouch_one_cm":86526,"minecraft:interact_with_smoker":26,"minecraft:horse_one_cm":32565,"minecraft:mob_kills":115,"minecraft:damage_dealt_resisted":2667,"minecraft:climb_one_cm":6217,"minecraft:walk_one_cm":716074,"minecraft:damage_dealt_absorbed":120,"minecraft:sneak_time":31636,"minecraft:walk_under_water_one_cm":15470,"minecraft:boat_one_cm":69818,"minecraft:total_world_time":386220,"minecraft:time_since_rest":1339,"minecraft:damage_taken":6644,"minecraft:swim_one_cm":78153,"minecraft:fly_one_cm":1147307,"minecraft:open_chest":189,"minecraft:fall_one_cm":171995},"minecraft:mined":{"minecraft:dark_oak_planks":31,"minecraft:spruce_planks":2,"minecraft:white_bed":12,"minecraft:attached_melon_stem":2,"minecraft:farmland":2,"minecraft:spruce_trapdoor":8,"minecraft:granite":3,"minecraft:acacia_log":63,"minecraft:grass_block":46,"minecraft:barrel":1,"minecraft:fire":1,"minecraft:iron_ore":92,"minecraft:cobbled_deepslate":1,"minecraft:moss_carpet":2,"minecraft:fletching_table":2,"minecraft:deepslate_lapis_ore":2,"minecraft:cave_vines":1,"minecraft:iron_bars":9,"minecraft:oak_stairs":1,"minecraft:spruce_pressure_plate":3,"minecraft:birch_wall_sign":2,"minecraft:azalea":1,"minecraft:spruce_slab":2,"minecraft:melon_stem":2,"minecraft:smoker":4,"minecraft:clay":16,"minecraft:torch":20,"minecraft:melon":4,"minecraft:chest":9,"spelunkers_charm:rock_pile_2":1,"minecraft:cobblestone":30,"minecraft:sugar_cane":18,"minecraft:grindstone":1,"minecraft:oak_planks":18,"minecraft:wall_torch":15,"minecraft:deepslate_copper_ore":9,"spelunkers_charm:rock_pile_3":1,"minecraft:red_candle":1,"minecraft:birch_log":5,"minecraft:waxed_copper_block":1,"minecraft:copper_block":1,"minecraft:grass":160,"minecraft:oak_log":78,"minecraft:lime_terracotta":2,"minecraft:dirt":30,"minecraft:stonecutter":1,"minecraft:deepslate":138,"minecraft:tuff":11,"minecraft:light_blue_wool":3,"minecraft:mossy_cobblestone":11,"minecraft:candle":1,"minecraft:dark_oak_log":95,"minecraft:decorated_pot":3,"minecraft:moss_block":5,"minecraft:cartography_table":3,"minecraft:large_fern":7,"minecraft:hay_block":37,"minecraft:oak_trapdoor":2,"minecraft:furnace":4,"minecraft:carrots":163,"minecraft:green_terracotta":1,"minecraft:stripped_spruce_log":1,"minecraft:deepslate_iron_ore":13,"minecraft:cobblestone_slab":7,"minecraft:bamboo":8,"minecraft:stone":170,"spelunkers_charm:rock_pile_1":1,"minecraft:podzol":1,"minecraft:crafting_table":12,"minecraft:lectern":1,"minecraft:stone_slab":4,"minecraft:tall_grass":89,"minecraft:copper_ore":63,"minecraft:deepslate_gold_ore":8,"minecraft:spruce_stairs":17,"minecraft:light_blue_bed":8,"minecraft:stripped_spruce_wood":27,"minecraft:gray_bed":2,"minecraft:spruce_log":100,"minecraft:coal_ore":87,"minecraft:gravel":167,"minecraft:stone_bricks":2,"minecraft:gold_ore":6,"minecraft:fern":8}},"DataVersion":3465}