{"stats":{"minecraft:custom":{"minecraft:interact_with_furnace":21,"minecraft:mob_kills":17,"minecraft:interact_with_crafting_table":16,"minecraft:open_barrel":36,"minecraft:time_since_death":33125,"minecraft:sleep_in_bed":5,"minecraft:climb_one_cm":3125,"minecraft:time_since_rest":5059,"minecraft:sprint_one_cm":257886,"minecraft:damage_taken":1120,"minecraft:walk_one_cm":172271,"minecraft:drop":6,"minecraft:damage_dealt":1774,"minecraft:talked_to_villager":2,"minecraft:swim_one_cm":23224,"minecraft:fly_one_cm":239862,"minecraft:open_chest":12,"minecraft:crouch_one_cm":20835,"minecraft:play_time":89052,"minecraft:deaths":1,"minecraft:sneak_time":6946,"minecraft:walk_under_water_one_cm":1693,"minecraft:jump":1246,"minecraft:walk_on_water_one_cm":6569,"minecraft:total_world_time":89052,"minecraft:fall_one_cm":38770,"minecraft:horse_one_cm":32565},"minecraft:used":{"minecraft:peony":1,"minecraft:water_bucket":12,"minecraft:stone_shovel":2,"minecraft:stone_pickaxe":67,"minecraft:oak_planks":5,"minecraft:chest":1,"minecraft:wooden_pickaxe":46,"minecraft:cooked_salmon":4,"minecraft:sugar_cane":5,"minecraft:stone_hoe":133,"minecraft:torch":2,"minecraft:dark_oak_trapdoor":5,"minecraft:dirt":19,"minecraft:crafting_table":4,"minecraft:carrot":8,"minecraft:dark_oak_planks":178,"minecraft:wooden_hoe":52,"minecraft:bread":2,"minecraft:iron_axe":154,"minecraft:light_blue_bed":4,"minecraft:stone_axe":281,"minecraft:furnace":2,"minecraft:bucket":13,"minecraft:cooked_beef":8},"minecraft:crafted":{"minecraft:cooked_beef":9,"minecraft:oak_planks":64,"minecraft:stone_shovel":1,"minecraft:crafting_table":3,"minecraft:wooden_pickaxe":1,"minecraft:furnace":1,"minecraft:dark_oak_trapdoor":8,"minecraft:bucket":1,"minecraft:stone_axe":2,"minecraft:air":0,"minecraft:wooden_hoe":1,"minecraft:charcoal":2,"minecraft:iron_axe":1,"minecraft:stick":12,"minecraft:iron_ingot":3,"minecraft:stone_pickaxe":1,"minecraft:light_blue_bed":1,"minecraft:chest":1,"minecraft:acacia_planks":12,"minecraft:dark_oak_planks":184,"minecraft:torch":20,"minecraft:stone_hoe":1},"minecraft:broken":{"minecraft:stone_axe":2,"minecraft:stone_hoe":1},"minecraft:mined":{"minecraft:dark_oak_planks":22,"minecraft:farmland":1,"minecraft:light_blue_wool":3,"minecraft:dark_oak_log":95,"minecraft:crafting_table":1,"minecraft:torch":2,"minecraft:acacia_log":63,"minecraft:grass_block":38,"minecraft:decorated_pot":2,"minecraft:chest":2,"minecraft:lectern":1,"minecraft:tall_grass":21,"spelunkers_charm:rock_pile_2":1,"minecraft:copper_ore":3,"minecraft:oak_planks":2,"minecraft:cartography_table":1,"minecraft:sugar_cane":3,"minecraft:large_fern":2,"spelunkers_charm:rock_pile_3":1,"minecraft:light_blue_bed":3,"minecraft:furnace":1,"minecraft:iron_ore":16,"minecraft:spruce_log":100,"minecraft:fletching_table":1,"minecraft:grass":27,"minecraft:oak_log":72,"minecraft:coal_ore":50,"minecraft:gravel":3,"minecraft:dirt":2,"minecraft:stone":31,"minecraft:fern":6},"minecraft:killed":{"minecraft:pig":4,"minecraft:creeper":1,"minecraft:skeleton":2,"minecraft:sheep":6,"minecraft:zombie":2},"minecraft:dropped":{"minecraft:cobblestone":3,"minecraft:cooked_mutton":8,"minecraft:iron_axe":1,"minecraft:wooden_pickaxe":1,"minecraft:bone":2},"minecraft:killed_by":{"minecraft:zombie":1},"minecraft:picked_up":{"minecraft:crafting_table":2,"minecraft:feather":2,"minecraft:cooked_beef":4,"minecraft:water_bucket":1,"minecraft:salmon":4,"minecraft:leather":1,"minecraft:wooden_pickaxe":2,"minecraft:flint":3,"minecraft:oak_log":114,"minecraft:brick":8,"minecraft:paper":4,"minecraft:dirt":48,"minecraft:raw_copper":14,"minecraft:iron_axe":2,"minecraft:beetroot_soup":1,"minecraft:cooked_mutton":4,"minecraft:bone":3,"minecraft:apple":15,"minecraft:beetroot":2,"minecraft:wheat_seeds":5,"minecraft:cartography_table":2,"minecraft:stone_pickaxe":1,"minecraft:iron_ingot":13,"minecraft:beef":3,"minecraft:cooked_chicken":3,"minecraft:lectern":2,"minecraft:fletching_table":2,"minecraft:light_gray_wool":1,"minecraft:sugar_cane":5,"minecraft:chest":4,"minecraft:oak_planks":2,"minecraft:acacia_sapling":12,"minecraft:furnace":2,"minecraft:dark_oak_sapling":107,"minecraft:stick":86,"minecraft:raw_iron":16,"minecraft:torch":22,"minecraft:acacia_log":56,"minecraft:gravel":3,"minecraft:porkchop":7,"minecraft:dried_kelp":5,"minecraft:spruce_sapling":82,"minecraft:ink_sac":2,"minecraft:carrot":8,"minecraft:spruce_log":99,"minecraft:light_blue_bed":3,"minecraft:dark_oak_log":119,"minecraft:dark_oak_planks":22,"minecraft:arrow":3,"minecraft:rotten_flesh":4,"minecraft:light_blue_wool":3,"minecraft:peony":2,"minecraft:oak_sapling":19,"minecraft:cod":3,"spelunkers_charm:rock":5,"minecraft:mutton":17,"minecraft:coal":92,"minecraft:white_wool":8,"minecraft:cobblestone":33}},"DataVersion":3465}