{"stats":{"minecraft:custom":{"minecraft:mob_kills":20,"minecraft:interact_with_crafting_table":18,"minecraft:open_barrel":36,"minecraft:leave_game":1,"minecraft:time_since_death":9113,"minecraft:climb_one_cm":4506,"minecraft:sprint_one_cm":284893,"minecraft:walk_one_cm":206081,"minecraft:drop":6,"minecraft:talked_to_villager":3,"minecraft:play_time":114159,"minecraft:deaths":4,"minecraft:sneak_time":8635,"minecraft:walk_under_water_one_cm":2246,"minecraft:jump":1417,"minecraft:walk_on_water_one_cm":10811,"minecraft:total_world_time":114159,"minecraft:interact_with_furnace":21,"minecraft:sleep_in_bed":6,"minecraft:time_since_rest":9166,"minecraft:damage_taken":2100,"minecraft:damage_dealt":2138,"minecraft:swim_one_cm":23224,"minecraft:fly_one_cm":291728,"minecraft:open_chest":14,"minecraft:crouch_one_cm":25659,"minecraft:fall_one_cm":40895,"minecraft:horse_one_cm":32565},"minecraft:crafted":{"minecraft:oak_planks":64,"minecraft:stone_shovel":1,"minecraft:cobblestone_slab":6,"minecraft:furnace":1,"minecraft:dark_oak_trapdoor":8,"minecraft:iron_axe":1,"minecraft:stone_pickaxe":2,"minecraft:chest":1,"minecraft:dark_oak_planks":184,"minecraft:stone_hoe":1,"minecraft:cooked_beef":9,"minecraft:crafting_table":3,"minecraft:wooden_pickaxe":1,"minecraft:bucket":1,"minecraft:stone_axe":2,"minecraft:air":0,"minecraft:wooden_hoe":1,"minecraft:charcoal":2,"minecraft:stick":12,"minecraft:iron_ingot":3,"minecraft:light_blue_bed":1,"minecraft:acacia_planks":12,"minecraft:torch":20},"minecraft:used":{"minecraft:peony":1,"minecraft:stone_shovel":18,"minecraft:chest":1,"minecraft:cooked_salmon":4,"minecraft:stone_hoe":133,"minecraft:torch":18,"minecraft:dirt":30,"minecraft:carrot":223,"minecraft:dark_oak_planks":187,"minecraft:iron_axe":161,"minecraft:light_blue_bed":5,"minecraft:furnace":2,"minecraft:cooked_beef":9,"minecraft:water_bucket":16,"minecraft:stone_pickaxe":166,"minecraft:oak_planks":7,"minecraft:wooden_pickaxe":52,"minecraft:sugar_cane":5,"minecraft:cobblestone_slab":11,"minecraft:dark_oak_trapdoor":8,"minecraft:crafting_table":4,"minecraft:white_bed":1,"minecraft:spruce_log":6,"minecraft:wooden_hoe":56,"minecraft:apple":2,"minecraft:bread":3,"minecraft:stone_axe":281,"minecraft:cobblestone":16,"minecraft:bucket":17},"minecraft:broken":{"minecraft:stone_hoe":1,"minecraft:stone_pickaxe":1,"minecraft:stone_axe":2},"minecraft:mined":{"minecraft:dark_oak_planks":23,"minecraft:white_bed":1,"minecraft:farmland":2,"minecraft:light_blue_wool":3,"minecraft:dark_oak_log":95,"minecraft:acacia_log":63,"minecraft:grass_block":40,"minecraft:decorated_pot":2,"minecraft:cartography_table":1,"minecraft:large_fern":4,"minecraft:furnace":1,"minecraft:iron_ore":16,"minecraft:fletching_table":1,"minecraft:cobblestone_slab":5,"minecraft:stone":119,"minecraft:torch":5,"minecraft:crafting_table":1,"minecraft:chest":2,"minecraft:lectern":1,"minecraft:cobblestone":1,"minecraft:stone_slab":1,"minecraft:copper_ore":3,"spelunkers_charm:rock_pile_2":1,"minecraft:tall_grass":21,"minecraft:sugar_cane":3,"minecraft:oak_planks":2,"minecraft:wall_torch":2,"spelunkers_charm:rock_pile_3":1,"minecraft:light_blue_bed":3,"minecraft:spruce_log":100,"minecraft:grass":30,"minecraft:coal_ore":51,"minecraft:oak_log":72,"minecraft:gravel":3,"minecraft:dirt":15,"minecraft:fern":6},"minecraft:killed":{"minecraft:skeleton":2,"minecraft:pig":4,"minecraft:creeper":1,"minecraft:sheep":6,"minecraft:zombie":4,"minecraft:villager":1},"minecraft:dropped":{"minecraft:cobblestone":3,"minecraft:iron_axe":1,"minecraft:bone":2,"minecraft:cooked_mutton":8,"minecraft:wooden_pickaxe":1},"minecraft:killed_by":{"minecraft:zombie":4},"minecraft:picked_up":{"minecraft:crafting_table":2,"minecraft:stone_slab":4,"minecraft:wooden_pickaxe":5,"minecraft:brick":8,"minecraft:raw_copper":14,"minecraft:iron_axe":5,"minecraft:beetroot_soup":1,"minecraft:beetroot":2,"minecraft:cartography_table":2,"minecraft:beef":3,"minecraft:cobblestone_slab":5,"minecraft:light_gray_wool":1,"minecraft:lectern":2,"minecraft:sugar_cane":5,"minecraft:chest":4,"minecraft:spruce_trapdoor":4,"minecraft:furnace":2,"minecraft:dark_oak_sapling":290,"minecraft:raw_iron":16,"minecraft:stick":221,"minecraft:torch":76,"minecraft:acacia_log":56,"minecraft:porkchop":7,"minecraft:dried_kelp":5,"minecraft:carrot":8,"minecraft:light_blue_bed":3,"minecraft:dark_oak_planks":36,"minecraft:rotten_flesh":18,"minecraft:arrow":3,"minecraft:stone_shovel":3,"minecraft:light_blue_wool":3,"minecraft:beetroot_seeds":3,"minecraft:peony":5,"minecraft:glow_berries":10,"minecraft:mutton":17,"minecraft:cod":3,"minecraft:white_wool":8,"minecraft:cobblestone":459,"minecraft:feather":2,"minecraft:cooked_beef":6,"minecraft:water_bucket":4,"minecraft:salmon":4,"minecraft:leather":1,"spelunkers_charm:old_miners_bundle":3,"minecraft:flint":3,"minecraft:oak_log":249,"minecraft:dirt":121,"minecraft:wooden_hoe":3,"minecraft:paper":4,"minecraft:lantern":2,"minecraft:name_tag":1,"minecraft:cooked_mutton":4,"minecraft:bone":3,"minecraft:apple":29,"minecraft:stone_bricks":2,"minecraft:wheat_seeds":17,"minecraft:iron_ingot":27,"minecraft:stone_pickaxe":4,"minecraft:cooked_chicken":3,"minecraft:fletching_table":2,"minecraft:acacia_sapling":12,"minecraft:oak_planks":18,"minecraft:gravel":12,"minecraft:stripped_spruce_log":4,"minecraft:spruce_sapling":160,"minecraft:ink_sac":2,"minecraft:white_bed":2,"minecraft:spruce_log":213,"minecraft:dark_oak_log":245,"minecraft:bread":38,"minecraft:oak_sapling":19,"spelunkers_charm:rock":5,"minecraft:coal":95}},"DataVersion":3465}