{"stats":{"minecraft:broken":{"minecraft:iron_shovel":1,"minecraft:stone_pickaxe":5,"minecraft:stone_axe":1,"minecraft:stone_shovel":1,"minecraft:stone_sword":2,"minecraft:iron_pickaxe":5},"minecraft:crafted":{"minecraft:oak_planks":48,"minecraft:leather_horse_armor":1,"minecraft:melon":6,"minecraft:cooked_chicken":12,"minecraft:cobblestone_stairs":4,"minecraft:stone":32,"minecraft:heavy_weighted_pressure_plate":2,"minecraft:cooked_mutton":15,"sophisticatedbackpacks:copper_backpack":1,"minecraft:chest":7,"minecraft:iron_door":3,"minecraft:copper_block":9,"sophisticatedbackpacks:backpack":1,"minecraft:cooked_porkchop":14,"minecraft:crafting_table":5,"minecraft:spruce_planks":192,"minecraft:iron_helmet":1,"minecraft:baked_potato":64,"minecraft:copper_ingot":308,"minecraft:acacia_button":2,"minecraft:birch_planks":76,"sophisticatedbackpacks:upgrade_base":1,"minecraft:iron_chestplate":1,"minecraft:stick":16,"minecraft:leather_chestplate":1,"minecraft:iron_ingot":147,"minecraft:iron_pickaxe":5,"minecraft:iron_block":4,"minecraft:stone_sword":2,"minecraft:gold_ingot":18,"minecraft:stone_shovel":1,"minecraft:leather_leggings":1,"minecraft:leather_boots":1,"sophisticatedbackpacks:stack_upgrade_tier_1":1,"minecraft:stone_button":2,"minecraft:furnace":4,"sophisticatedbackpacks:stack_upgrade_starter_tier":1,"minecraft:stone_stairs":16,"minecraft:stone_pickaxe":5,"minecraft:dark_oak_planks":8,"sophisticatedbackpacks:iron_backpack":1,"minecraft:cooked_beef":11,"minecraft:iron_sword":1,"sophisticatedbackpacks:gold_backpack":1,"minecraft:stone_axe":1,"minecraft:air":0,"minecraft:iron_shovel":1,"minecraft:iron_leggings":2,"minecraft:white_bed":1,"minecraft:acacia_planks":136,"minecraft:torch":116},"minecraft:used":{"minecraft:beetroot":2,"minecraft:moss_carpet":45,"minecraft:iron_shovel":303,"minecraft:chest":13,"minecraft:shield":31,"minecraft:stone":2,"minecraft:iron_sword":15,"minecraft:iron_chestplate":2,"minecraft:mutton":1,"minecraft:tuff":14,"minecraft:lava_bucket":1,"minecraft:coal_ore":1,"minecraft:lantern":3,"minecraft:iron_helmet":1,"minecraft:stone_bricks":1,"minecraft:bow":23,"minecraft:furnace":7,"minecraft:dark_oak_stairs":1,"minecraft:damaged_anvil":2,"minecraft:stone_pickaxe":693,"minecraft:oak_planks":4,"minecraft:diamond_axe":18,"minecraft:golden_apple":1,"minecraft:glow_berries":3,"minecraft:blast_furnace":3,"minecraft:crossbow":4,"minecraft:heavy_weighted_pressure_plate":2,"minecraft:bread":37,"minecraft:stone_button":5,"minecraft:iron_door":4,"minecraft:oak_hanging_sign":1,"minecraft:experience_bottle":3,"minecraft:netherite_sword":98,"minecraft:stone_sword":659,"minecraft:stone_shovel":142,"minecraft:spruce_planks":83,"minecraft:cooked_salmon":1,"minecraft:cooked_chicken":2,"minecraft:orange_bed":3,"minecraft:torch":146,"minecraft:dirt":140,"minecraft:spruce_stairs":7,"minecraft:stone_stairs":20,"minecraft:spruce_fence":1,"minecraft:iron_axe":157,"minecraft:iron_boots":1,"minecraft:barrel":2,"minecraft:golden_carrot":6,"minecraft:goat_horn":5,"minecraft:cooked_beef":13,"minecraft:acacia_planks":12,"minecraft:cobbled_deepslate":16,"minecraft:iron_leggings":1,"minecraft:cooked_mutton":18,"minecraft:water_bucket":40,"minecraft:cobblestone_stairs":1,"minecraft:birch_planks":22,"minecraft:mossy_cobblestone":2,"minecraft:crafting_table":5,"minecraft:red_bed":2,"minecraft:white_bed":6,"minecraft:cod":1,"minecraft:smoker":3,"minecraft:acacia_stairs":1,"minecraft:diamond_pickaxe":4,"minecraft:apple":20,"minecraft:iron_pickaxe":1252,"minecraft:stone_axe":167,"bountiful:bountyboard":1,"minecraft:cobblestone":231,"minecraft:purple_bed":2,"minecraft:porkchop":4,"minecraft:white_banner":2,"minecraft:cooked_porkchop":5,"minecraft:bucket":43,"minecraft:pumpkin_pie":2,"minecraft:splash_potion":1},"minecraft:picked_up":{"minecraft:iron_chestplate":11,"minecraft:wheat":20,"minecraft:flower_pot":1,"minecraft:smithing_table":1,"minecraft:stone_slab":1,"minecraft:oak_stairs":7,"minecraft:enchanted_book":2,"minecraft:stone_brick_stairs":3,"minecraft:string":76,"minecraft:raw_copper":310,"minecraft:cooked_salmon":5,"minecraft:oak_hanging_sign":2,"minecraft:iron_leggings":3,"minecraft:experience_bottle":3,"minecraft:shroomlight":3,"minecraft:diamond_leggings":2,"minecraft:activator_rail":3,"minecraft:deepslate_tiles":18,"minecraft:gold_nugget":6,"minecraft:cobbled_deepslate":308,"minecraft:spruce_planks":16,"minecraft:white_tulip":1,"minecraft:iron_pickaxe":3,"minecraft:enchanted_golden_apple":1,"minecraft:melon_slice":69,"minecraft:iron_boots":5,"minecraft:furnace":3,"minecraft:spruce_pressure_plate":6,"minecraft:stick":157,"minecraft:acacia_fence":2,"minecraft:torch":125,"minecraft:acacia_log":34,"minecraft:spruce_stairs":53,"minecraft:porkchop":34,"minecraft:pointed_dripstone":3,"minecraft:vine":1,"minecraft:golden_chestplate":1,"minecraft:cauldron":4,"minecraft:green_terracotta":5,"minecraft:goat_horn":1,"minecraft:orange_bed":3,"minecraft:stone_sword":11,"minecraft:rotten_flesh":23,"minecraft:iron_bars":8,"minecraft:cobblestone":1640,"minecraft:birch_log":81,"minecraft:leather_chestplate":1,"minecraft:feather":6,"minecraft:lilac":2,"minecraft:iron_door":6,"minecraft:water_bucket":3,"minecraft:golden_leggings":1,"minecraft:smoker":2,"minecraft:potato":23,"minecraft:flint":6,"minecraft:tuff":87,"minecraft:map":2,"minecraft:lapis_lazuli":47,"minecraft:dirt":391,"minecraft:lantern":3,"minecraft:name_tag":2,"minecraft:leather_boots":1,"minecraft:purple_carpet":1,"minecraft:bone":54,"minecraft:bow":2,"minecraft:orange_tulip":7,"minecraft:wheat_seeds":66,"minecraft:raw_gold":22,"minecraft:bell":1,"minecraft:mossy_stone_bricks":2,"minecraft:powered_rail":3,"minecraft:oak_planks":140,"minecraft:cooked_porkchop":34,"bountiful:decree":1,"minecraft:stripped_acacia_wood":1,"minecraft:lime_terracotta":17,"minecraft:poisonous_potato":4,"minecraft:sand":14,"minecraft:melon":12,"minecraft:stripped_spruce_log":3,"sophisticatedbackpacks:iron_backpack":2,"minecraft:acacia_stairs":1,"minecraft:dark_oak_log":13,"minecraft:mossy_cobblestone":25,"minecraft:dark_prismarine":6,"minecraft:spruce_fence_gate":3,"minecraft:blue_terracotta":1,"minecraft:deepslate":1,"minecraft:blue_ice":1,"minecraft:crossbow":3,"minecraft:grass":4,"minecraft:golden_horse_armor":1,"minecraft:bread":45,"minecraft:emerald":23,"minecraft:rooted_dirt":1,"minecraft:oak_sapling":8,"minecraft:dark_oak_fence":1,"minecraft:diamond_pickaxe":1,"minecraft:coarse_dirt":13,"minecraft:crafting_table":2,"minecraft:allium":3,"minecraft:splash_potion":1,"minecraft:chicken":5,"minecraft:clay_ball":4,"minecraft:leather_leggings":2,"minecraft:chain":2,"minecraft:shield":7,"minecraft:brick":3,"minecraft:stone_stairs":4,"minecraft:oak_trapdoor":3,"minecraft:red_bed":2,"minecraft:moss_carpet":45,"minecraft:iron_axe":2,"minecraft:iron_shovel":2,"minecraft:cracked_stone_bricks":2,"minecraft:cartography_table":2,"minecraft:candle":4,"minecraft:detector_rail":3,"minecraft:netherite_sword":1,"minecraft:deepslate_diamond_ore":2,"minecraft:beef":46,"minecraft:player_head":1,"minecraft:spruce_slab":10,"minecraft:light_gray_wool":1,"minecraft:sugar_cane":8,"minecraft:chest":7,"minecraft:birch_sapling":25,"minecraft:phantom_membrane":2,"minecraft:spruce_trapdoor":12,"minecraft:egg":3,"minecraft:dark_oak_sapling":1,"minecraft:raw_iron":107,"minecraft:oak_door":2,"minecraft:copper_ingot":19,"minecraft:spruce_fence":5,"sophisticatedbackpacks:backpack":2,"minecraft:stone_button":3,"minecraft:carrot":27,"minecraft:redstone":14,"minecraft:iron_horse_armor":1,"minecraft:dark_oak_planks":13,"minecraft:arrow":32,"minecraft:stone_shovel":4,"minecraft:beetroot_seeds":11,"minecraft:decorated_pot":1,"minecraft:diamond_boots":1,"minecraft:gold_ingot":2,"minecraft:mutton":18,"minecraft:glow_berries":3,"bountiful:bountyboard":1,"minecraft:rail":29,"minecraft:white_wool":13,"minecraft:basalt":2,"minecraft:golden_carrot":7,"minecraft:tripwire_hook":1,"minecraft:leather":51,"minecraft:filled_map":1,"minecraft:birch_planks":42,"spelunkers_charm:old_miners_bundle":5,"minecraft:oak_log":52,"minecraft:golden_boots":1,"minecraft:gunpowder":6,"minecraft:cobblestone_stairs":4,"minecraft:deepslate_tile_slab":4,"minecraft:blue_bed":1,"minecraft:paper":4,"minecraft:white_banner":2,"minecraft:cooked_mutton":19,"bountiful:bounty":1,"minecraft:apple":40,"minecraft:stone_bricks":11,"minecraft:kelp":5,"minecraft:iron_ingot":8,"minecraft:stone_pickaxe":4,"minecraft:cooked_chicken":1,"minecraft:blade_pottery_sherd":1,"minecraft:tall_grass":4,"minecraft:glass_bottle":5,"minecraft:iron_sword":3,"minecraft:acacia_sapling":25,"minecraft:dark_oak_stairs":7,"minecraft:purple_concrete":5,"minecraft:book":24,"minecraft:scaffolding":37,"minecraft:oak_slab":2,"minecraft:dark_oak_slab":2,"minecraft:black_candle":1,"minecraft:pumpkin":1,"minecraft:stone_brick_slab":1,"minecraft:dripstone_block":11,"minecraft:gravel":43,"minecraft:birch_stairs":1,"minecraft:white_bed":10,"minecraft:spruce_log":62,"minecraft:spider_eye":5,"minecraft:leather_helmet":2,"minecraft:coal_ore":1,"minecraft:pumpkin_seeds":2,"minecraft:purple_bed":2,"minecraft:stone_axe":4,"minecraft:iron_helmet":3,"minecraft:chainmail_leggings":1,"minecraft:diamond_axe":2,"minecraft:painting":1,"minecraft:gray_wool":4,"minecraft:damaged_anvil":2,"spelunkers_charm:rock":5,"minecraft:coal":311},"minecraft:killed_by":{"minecraft:witch":1,"mythicmounts:dragon":3,"minecraft:hoglin":2,"minecraft:skeleton":1},"minecraft:killed":{"minecraft:cave_spider":1,"minecraft:spider":6,"minecraft:skeleton":10,"minecraft:chicken":5,"minecraft:silverfish":2,"minecraft:pig":1,"minecraft:creeper":4,"minecraft:sheep":12,"minecraft:pillager":8,"minecraft:zombie":13,"minecraft:cow":15,"minecraft:vindicator":3,"minecraft:phantom":1,"minecraft:horse":3,"minecraft:drowned":2,"majruszsdifficulty:cursed_armor":1,"minecraft:hoglin":15,"minecraft:wither_skeleton":22,"minecraft:villager":1},"minecraft:dropped":{"minecraft:iron_sword":1,"minecraft:dark_oak_stairs":4,"minecraft:diamond_axe":1,"minecraft:oak_log":15,"minecraft:glass_bottle":9,"minecraft:dark_oak_sapling":1,"minecraft:decorated_pot":1,"minecraft:orange_tulip":2,"minecraft:crossbow":3,"minecraft:lime_terracotta":17,"minecraft:rooted_dirt":1,"minecraft:cracked_stone_bricks":2,"minecraft:rail":29,"minecraft:leather_helmet":2,"minecraft:cobblestone_stairs":3,"minecraft:flint":5,"minecraft:dirt":162,"minecraft:melon":18,"minecraft:dark_oak_fence":1,"minecraft:chain":2,"minecraft:sand":14,"minecraft:iron_pickaxe":1,"minecraft:white_wool":4,"minecraft:blue_bed":1,"minecraft:gravel":43,"minecraft:white_tulip":1,"bountiful:bounty":1,"minecraft:sugar_cane":1,"minecraft:cobbled_deepslate":137,"minecraft:detector_rail":3,"minecraft:wheat":4,"minecraft:birch_sapling":24,"minecraft:pointed_dripstone":3,"minecraft:beetroot":2,"minecraft:rotten_flesh":14,"minecraft:oak_planks":17,"minecraft:white_bed":1,"minecraft:carrot":7,"minecraft:leather_chestplate":1,"minecraft:deepslate_tiles":18,"minecraft:gunpowder":3,"minecraft:beetroot_seeds":8,"minecraft:acacia_sapling":7,"minecraft:leather_boots":1,"minecraft:chainmail_boots":1,"minecraft:spruce_slab":10,"minecraft:basalt":2,"minecraft:powered_rail":3,"minecraft:arrow":3,"minecraft:stone_brick_stairs":3,"minecraft:acacia_fence":1,"minecraft:egg":1,"minecraft:bread":5,"minecraft:iron_ingot":12,"minecraft:golden_boots":1,"minecraft:vine":1,"minecraft:wheat_seeds":36,"minecraft:mossy_cobblestone":21,"minecraft:dripstone_block":11,"minecraft:poisonous_potato":4,"minecraft:feather":8,"minecraft:cobblestone":515,"minecraft:purple_concrete":1,"minecraft:apple":16,"minecraft:deepslate_tile_slab":4,"minecraft:spruce_stairs":24,"minecraft:coal":9,"minecraft:spruce_fence_gate":3,"minecraft:gray_wool":2,"minecraft:black_candle":1,"minecraft:torch":13,"minecraft:cooked_salmon":1,"minecraft:iron_leggings":2,"minecraft:dried_kelp":5,"minecraft:chainmail_leggings":1,"minecraft:paper":4,"minecraft:sweet_berries":15,"minecraft:green_terracotta":5,"minecraft:coarse_dirt":13,"minecraft:stone_sword":2,"minecraft:tuff":40,"minecraft:stone_shovel":1,"minecraft:light_gray_wool":1,"minecraft:clay_ball":4,"minecraft:spruce_fence":3,"minecraft:filled_map":1,"minecraft:potato":5,"minecraft:stone":4,"minecraft:flower_pot":1,"minecraft:allium":2,"minecraft:iron_chestplate":1,"minecraft:golden_leggings":1,"minecraft:oak_sapling":4,"minecraft:stone_bricks":10,"minecraft:spider_eye":4,"minecraft:stone_pickaxe":1,"minecraft:brick":3},"minecraft:custom":{"minecraft:interact_with_crafting_table":72,"minecraft:open_barrel":50,"minecraft:eat_cake_slice":3,"minecraft:leave_game":5,"minecraft:time_since_death":18452,"minecraft:sprint_one_cm":1205909,"minecraft:damage_blocked_by_shield":810,"minecraft:drop":154,"minecraft:talked_to_villager":3,"minecraft:play_time":485581,"minecraft:deaths":7,"minecraft:jump":4224,"minecraft:walk_on_water_one_cm":56611,"minecraft:interact_with_furnace":122,"minecraft:sleep_in_bed":36,"minecraft:damage_dealt":29133,"minecraft:crouch_one_cm":30906,"minecraft:interact_with_smoker":30,"minecraft:horse_one_cm":2813464,"minecraft:interact_with_anvil":2,"minecraft:mob_kills":160,"minecraft:climb_one_cm":7452,"minecraft:walk_one_cm":1013359,"minecraft:damage_dealt_absorbed":80,"minecraft:sneak_time":15537,"minecraft:walk_under_water_one_cm":37697,"minecraft:interact_with_blast_furnace":28,"minecraft:total_world_time":485581,"minecraft:time_since_rest":18493,"minecraft:damage_absorbed":40,"minecraft:damage_taken":6333,"minecraft:swim_one_cm":49175,"minecraft:fly_one_cm":902114,"minecraft:open_chest":235,"minecraft:fall_one_cm":86356},"minecraft:mined":{"minecraft:dark_oak_planks":11,"minecraft:spruce_planks":14,"minecraft:white_bed":5,"minecraft:cobblestone_stairs":1,"minecraft:spruce_trapdoor":12,"minecraft:acacia_log":35,"minecraft:grass_block":201,"minecraft:iron_ore":86,"minecraft:cobbled_deepslate":21,"minecraft:pumpkin":1,"minecraft:moss_carpet":3,"minecraft:dark_oak_stairs":6,"minecraft:pointed_dripstone":2,"minecraft:water_cauldron":4,"minecraft:flowering_azalea_leaves":1,"minecraft:oak_stairs":2,"minecraft:iron_bars":6,"minecraft:purple_carpet":1,"minecraft:spruce_pressure_plate":6,"minecraft:spruce_slab":9,"minecraft:orange_bed":3,"bountiful:bountyboard":1,"minecraft:red_bed":2,"minecraft:smoker":2,"minecraft:deepslate_tile_slab":4,"minecraft:clay":1,"minecraft:torch":6,"minecraft:melon":5,"minecraft:chest":7,"minecraft:white_stained_glass_pane":2,"minecraft:dead_bush":2,"minecraft:glass":4,"spelunkers_charm:rock_pile_2":1,"minecraft:cobblestone":65,"minecraft:oak_planks":19,"minecraft:sugar_cane":3,"minecraft:iron_door":2,"minecraft:wall_torch":9,"minecraft:stone_stairs":4,"spelunkers_charm:rock_pile_3":1,"minecraft:blue_terracotta":1,"minecraft:dark_oak_slab":1,"minecraft:birch_log":52,"minecraft:lilac":2,"minecraft:stone_brick_stairs":3,"minecraft:grass":50,"minecraft:oak_log":52,"minecraft:acacia_fence":1,"minecraft:lime_terracotta":17,"minecraft:sand":17,"minecraft:dirt":175,"minecraft:oak_leaves":3,"minecraft:deepslate":142,"minecraft:deepslate_tiles":18,"minecraft:red_carpet":1,"minecraft:tuff":56,"minecraft:mossy_cobblestone":25,"minecraft:dark_oak_leaves":6,"minecraft:deepslate_diamond_ore":2,"minecraft:candle":1,"minecraft:oak_door":2,"minecraft:dark_oak_fence":1,"minecraft:stone_button":2,"minecraft:spruce_fence":5,"minecraft:decorated_pot":3,"minecraft:cartography_table":1,"minecraft:rooted_dirt":1,"minecraft:oak_trapdoor":4,"minecraft:furnace":3,"minecraft:carrots":20,"minecraft:acacia_stairs":1,"minecraft:green_terracotta":5,"minecraft:stripped_spruce_log":3,"minecraft:peony":3,"minecraft:bell":1,"minecraft:bookshelf":4,"minecraft:potatoes":2,"minecraft:shroomlight":1,"minecraft:deepslate_iron_ore":13,"minecraft:vine":1,"minecraft:lantern":1,"minecraft:stone":1072,"minecraft:white_wool":2,"minecraft:smithing_table":1,"minecraft:birch_stairs":2,"minecraft:oak_slab":2,"minecraft:scaffolding":8,"minecraft:basalt":2,"minecraft:stone_brick_slab":1,"minecraft:crafting_table":2,"spelunkers_charm:dead_grass":1,"minecraft:stone_slab":1,"minecraft:copper_ore":83,"minecraft:tall_grass":48,"minecraft:deepslate_gold_ore":20,"minecraft:lapis_ore":6,"minecraft:spruce_stairs":53,"minecraft:purple_bed":2,"minecraft:coarse_dirt":13,"minecraft:purple_concrete":5,"minecraft:white_wall_banner":2,"minecraft:coal_ore":215,"minecraft:gravel":42,"minecraft:dripstone_block":11,"minecraft:cobweb":53,"minecraft:spruce_fence_gate":3,"minecraft:stone_bricks":11,"minecraft:small_dripleaf":1,"minecraft:infested_stone":1}},"DataVersion":3465}