{"stats":{"minecraft:broken":{"minecraft:stone_pickaxe":4,"minecraft:stone_axe":1,"minecraft:stone_shovel":1,"minecraft:stone_sword":1,"minecraft:iron_pickaxe":1},"minecraft:crafted":{"minecraft:oak_planks":48,"minecraft:leather_horse_armor":1,"minecraft:melon":6,"minecraft:cooked_chicken":2,"minecraft:stone":32,"minecraft:cooked_mutton":15,"sophisticatedbackpacks:copper_backpack":1,"minecraft:chest":5,"minecraft:copper_block":9,"sophisticatedbackpacks:backpack":1,"minecraft:cooked_porkchop":4,"minecraft:crafting_table":5,"minecraft:spruce_planks":192,"minecraft:iron_helmet":1,"minecraft:copper_ingot":136,"minecraft:birch_planks":76,"sophisticatedbackpacks:upgrade_base":1,"minecraft:iron_chestplate":1,"minecraft:stick":16,"minecraft:iron_ingot":101,"minecraft:leather_chestplate":1,"minecraft:iron_pickaxe":2,"minecraft:iron_block":4,"minecraft:stone_sword":2,"minecraft:stone_shovel":1,"minecraft:leather_leggings":1,"minecraft:leather_boots":1,"sophisticatedbackpacks:stack_upgrade_tier_1":1,"minecraft:furnace":4,"minecraft:stone_button":2,"sophisticatedbackpacks:stack_upgrade_starter_tier":1,"minecraft:stone_pickaxe":5,"minecraft:dark_oak_planks":8,"sophisticatedbackpacks:iron_backpack":1,"minecraft:cooked_beef":11,"minecraft:iron_sword":1,"minecraft:stone_axe":1,"minecraft:air":0,"minecraft:iron_shovel":1,"minecraft:iron_leggings":2,"minecraft:white_bed":1,"minecraft:acacia_planks":104,"minecraft:torch":24},"minecraft:used":{"minecraft:beetroot":2,"minecraft:moss_carpet":45,"minecraft:chest":11,"minecraft:shield":23,"minecraft:iron_sword":15,"minecraft:iron_chestplate":1,"minecraft:mutton":1,"minecraft:lantern":2,"minecraft:bow":23,"minecraft:furnace":7,"minecraft:damaged_anvil":2,"minecraft:stone_pickaxe":626,"minecraft:oak_planks":3,"minecraft:crossbow":4,"minecraft:bread":8,"minecraft:stone_button":2,"minecraft:iron_door":3,"minecraft:experience_bottle":3,"minecraft:stone_sword":327,"minecraft:stone_shovel":142,"minecraft:spruce_planks":83,"minecraft:cooked_salmon":1,"minecraft:cooked_chicken":2,"minecraft:orange_bed":3,"minecraft:torch":58,"minecraft:dirt":7,"minecraft:spruce_stairs":7,"minecraft:spruce_fence":1,"minecraft:iron_axe":95,"minecraft:iron_boots":1,"minecraft:barrel":2,"minecraft:goat_horn":2,"minecraft:cooked_beef":13,"minecraft:acacia_planks":12,"minecraft:iron_leggings":1,"minecraft:cooked_mutton":17,"minecraft:water_bucket":2,"minecraft:birch_planks":22,"minecraft:mossy_cobblestone":2,"minecraft:crafting_table":5,"minecraft:red_bed":2,"minecraft:white_bed":4,"minecraft:cod":1,"minecraft:smoker":1,"minecraft:apple":20,"minecraft:iron_pickaxe":251,"minecraft:stone_axe":167,"bountiful:bountyboard":1,"minecraft:cobblestone":47,"minecraft:purple_bed":2,"minecraft:cooked_porkchop":4,"minecraft:bucket":4},"minecraft:picked_up":{"minecraft:iron_chestplate":8,"minecraft:wheat":20,"minecraft:flower_pot":1,"minecraft:oak_stairs":4,"minecraft:string":61,"minecraft:raw_copper":107,"minecraft:cooked_salmon":5,"minecraft:iron_leggings":3,"minecraft:experience_bottle":3,"minecraft:gold_nugget":6,"minecraft:spruce_planks":14,"minecraft:iron_pickaxe":1,"minecraft:melon_slice":69,"minecraft:iron_boots":4,"minecraft:furnace":3,"minecraft:spruce_pressure_plate":6,"minecraft:stick":74,"minecraft:acacia_fence":2,"minecraft:torch":102,"minecraft:acacia_log":34,"minecraft:spruce_stairs":29,"minecraft:porkchop":6,"minecraft:pointed_dripstone":3,"minecraft:vine":1,"minecraft:cauldron":4,"minecraft:goat_horn":1,"minecraft:orange_bed":3,"minecraft:stone_sword":7,"minecraft:rotten_flesh":18,"minecraft:iron_bars":8,"minecraft:cobblestone":733,"minecraft:birch_log":81,"minecraft:leather_chestplate":1,"minecraft:feather":6,"minecraft:lilac":2,"minecraft:iron_door":4,"minecraft:golden_leggings":1,"minecraft:potato":23,"minecraft:flint":2,"minecraft:tuff":1,"minecraft:map":2,"minecraft:lapis_lazuli":47,"minecraft:dirt":93,"minecraft:lantern":2,"minecraft:name_tag":2,"minecraft:leather_boots":1,"minecraft:purple_carpet":1,"minecraft:bone":8,"minecraft:bow":1,"minecraft:orange_tulip":7,"minecraft:wheat_seeds":45,"minecraft:bell":1,"minecraft:mossy_stone_bricks":2,"minecraft:oak_planks":139,"bountiful:decree":1,"minecraft:poisonous_potato":4,"minecraft:sand":14,"minecraft:melon":12,"minecraft:stripped_spruce_log":3,"minecraft:dark_oak_log":13,"minecraft:mossy_cobblestone":6,"minecraft:blue_terracotta":1,"minecraft:crossbow":3,"minecraft:grass":4,"minecraft:emerald":17,"minecraft:bread":30,"minecraft:rooted_dirt":1,"minecraft:oak_sapling":8,"minecraft:coarse_dirt":13,"minecraft:crafting_table":2,"minecraft:allium":3,"minecraft:chicken":5,"minecraft:clay_ball":4,"minecraft:leather_leggings":2,"minecraft:brick":3,"minecraft:shield":3,"minecraft:oak_trapdoor":3,"minecraft:red_bed":2,"minecraft:moss_carpet":45,"minecraft:iron_axe":1,"minecraft:cracked_stone_bricks":2,"minecraft:cartography_table":2,"minecraft:candle":4,"minecraft:detector_rail":3,"minecraft:beef":46,"minecraft:birch_sapling":25,"minecraft:sugar_cane":8,"minecraft:chest":7,"minecraft:spruce_trapdoor":11,"minecraft:egg":3,"minecraft:dark_oak_sapling":1,"minecraft:raw_iron":41,"minecraft:oak_door":2,"minecraft:copper_ingot":19,"sophisticatedbackpacks:backpack":2,"minecraft:spruce_fence":2,"minecraft:carrot":27,"minecraft:redstone":7,"minecraft:iron_horse_armor":1,"minecraft:stone_shovel":4,"minecraft:arrow":20,"minecraft:beetroot_seeds":8,"minecraft:gold_ingot":1,"minecraft:mutton":18,"bountiful:bountyboard":1,"minecraft:rail":9,"minecraft:white_wool":12,"minecraft:tripwire_hook":1,"minecraft:leather":39,"minecraft:birch_planks":42,"minecraft:filled_map":1,"spelunkers_charm:old_miners_bundle":3,"minecraft:oak_log":37,"minecraft:golden_boots":1,"minecraft:gunpowder":1,"minecraft:cobblestone_stairs":1,"minecraft:blue_bed":1,"minecraft:paper":4,"minecraft:cooked_mutton":14,"bountiful:bounty":1,"minecraft:apple":40,"minecraft:kelp":5,"minecraft:stone_pickaxe":4,"minecraft:cooked_chicken":1,"minecraft:blade_pottery_sherd":1,"minecraft:tall_grass":4,"minecraft:glass_bottle":5,"minecraft:iron_sword":3,"minecraft:acacia_sapling":25,"minecraft:purple_concrete":5,"minecraft:book":24,"minecraft:scaffolding":1,"minecraft:oak_slab":2,"minecraft:black_candle":1,"minecraft:dark_oak_slab":2,"minecraft:pumpkin":1,"minecraft:stone_brick_slab":1,"minecraft:dripstone_block":11,"minecraft:gravel":37,"minecraft:spruce_log":62,"minecraft:white_bed":6,"minecraft:spider_eye":2,"minecraft:leather_helmet":2,"minecraft:pumpkin_seeds":2,"minecraft:purple_bed":2,"minecraft:stone_axe":4,"minecraft:chainmail_leggings":1,"minecraft:painting":1,"minecraft:gray_wool":2,"minecraft:damaged_anvil":2,"spelunkers_charm:rock":5,"minecraft:coal":119},"minecraft:killed_by":{"minecraft:witch":1,"mythicmounts:dragon":1,"minecraft:skeleton":1},"minecraft:killed":{"minecraft:spider":2,"minecraft:skeleton":6,"minecraft:chicken":5,"minecraft:silverfish":2,"minecraft:pig":1,"minecraft:sheep":10,"minecraft:pillager":8,"minecraft:zombie":3,"minecraft:cow":15,"minecraft:vindicator":3,"minecraft:horse":3,"minecraft:drowned":2,"majruszsdifficulty:cursed_armor":1,"minecraft:villager":1},"minecraft:dropped":{"minecraft:iron_sword":1,"minecraft:glass_bottle":9,"minecraft:dark_oak_sapling":1,"minecraft:orange_tulip":2,"minecraft:crossbow":3,"minecraft:rooted_dirt":1,"minecraft:cracked_stone_bricks":2,"minecraft:rail":9,"minecraft:leather_helmet":2,"minecraft:flint":5,"minecraft:dirt":11,"minecraft:melon":18,"minecraft:sand":4,"minecraft:iron_pickaxe":1,"minecraft:white_wool":3,"minecraft:blue_bed":1,"minecraft:gravel":37,"bountiful:bounty":1,"minecraft:sugar_cane":1,"minecraft:detector_rail":3,"minecraft:birch_sapling":24,"minecraft:wheat":4,"minecraft:pointed_dripstone":3,"minecraft:beetroot":2,"minecraft:rotten_flesh":12,"minecraft:oak_planks":17,"minecraft:white_bed":1,"minecraft:carrot":7,"minecraft:leather_chestplate":1,"minecraft:beetroot_seeds":8,"minecraft:leather_boots":1,"minecraft:acacia_sapling":7,"minecraft:acacia_fence":1,"minecraft:iron_ingot":12,"minecraft:golden_boots":1,"minecraft:bread":5,"minecraft:vine":1,"minecraft:wheat_seeds":16,"minecraft:mossy_cobblestone":2,"minecraft:dripstone_block":11,"minecraft:poisonous_potato":4,"minecraft:feather":3,"minecraft:cobblestone":328,"minecraft:purple_concrete":1,"minecraft:apple":16,"minecraft:black_candle":1,"minecraft:cooked_salmon":1,"minecraft:iron_leggings":1,"minecraft:dried_kelp":5,"minecraft:chainmail_leggings":1,"minecraft:paper":4,"minecraft:coarse_dirt":13,"minecraft:stone_sword":1,"minecraft:stone_shovel":1,"minecraft:clay_ball":4,"minecraft:filled_map":1,"minecraft:potato":5,"minecraft:flower_pot":1,"minecraft:allium":2,"minecraft:iron_chestplate":1,"minecraft:golden_leggings":1,"minecraft:oak_sapling":4,"minecraft:spider_eye":2,"minecraft:stone_pickaxe":1,"minecraft:brick":3},"minecraft:custom":{"minecraft:interact_with_crafting_table":63,"minecraft:open_barrel":48,"minecraft:eat_cake_slice":1,"minecraft:leave_game":4,"minecraft:time_since_death":148066,"minecraft:sprint_one_cm":797585,"minecraft:damage_blocked_by_shield":645,"minecraft:drop":95,"minecraft:talked_to_villager":3,"minecraft:play_time":312247,"minecraft:deaths":3,"minecraft:jump":2680,"minecraft:walk_on_water_one_cm":30681,"minecraft:interact_with_furnace":87,"minecraft:sleep_in_bed":27,"minecraft:damage_dealt":9573,"minecraft:crouch_one_cm":12800,"minecraft:interact_with_smoker":7,"minecraft:horse_one_cm":2732700,"minecraft:mob_kills":86,"minecraft:interact_with_anvil":1,"minecraft:climb_one_cm":7222,"minecraft:walk_one_cm":578090,"minecraft:sneak_time":6498,"minecraft:walk_under_water_one_cm":24553,"minecraft:interact_with_blast_furnace":2,"minecraft:total_world_time":312247,"minecraft:time_since_rest":9516,"minecraft:damage_taken":3466,"minecraft:swim_one_cm":43811,"minecraft:fly_one_cm":607395,"minecraft:open_chest":120,"minecraft:fall_one_cm":60398},"minecraft:mined":{"minecraft:spruce_planks":14,"minecraft:white_bed":3,"minecraft:cobblestone_stairs":1,"minecraft:spruce_trapdoor":11,"minecraft:acacia_log":35,"minecraft:grass_block":51,"minecraft:iron_ore":42,"minecraft:pumpkin":1,"minecraft:moss_carpet":3,"minecraft:pointed_dripstone":2,"minecraft:water_cauldron":4,"minecraft:iron_bars":6,"minecraft:oak_stairs":1,"minecraft:purple_carpet":1,"minecraft:spruce_pressure_plate":6,"minecraft:spruce_slab":1,"minecraft:orange_bed":3,"bountiful:bountyboard":1,"minecraft:red_bed":2,"minecraft:clay":1,"minecraft:torch":4,"minecraft:melon":5,"minecraft:chest":7,"minecraft:dead_bush":2,"minecraft:cobblestone":5,"spelunkers_charm:rock_pile_2":1,"minecraft:oak_planks":18,"minecraft:sugar_cane":3,"minecraft:iron_door":2,"minecraft:wall_torch":5,"spelunkers_charm:rock_pile_3":1,"minecraft:blue_terracotta":1,"minecraft:dark_oak_slab":1,"minecraft:birch_log":52,"minecraft:lilac":2,"minecraft:grass":35,"minecraft:oak_log":37,"minecraft:acacia_fence":1,"minecraft:sand":17,"minecraft:dirt":29,"minecraft:oak_leaves":3,"minecraft:tuff":1,"minecraft:mossy_cobblestone":4,"minecraft:dark_oak_leaves":6,"minecraft:candle":1,"minecraft:oak_door":2,"minecraft:spruce_fence":2,"minecraft:decorated_pot":2,"minecraft:cartography_table":1,"minecraft:rooted_dirt":1,"minecraft:oak_trapdoor":3,"minecraft:furnace":3,"minecraft:carrots":20,"minecraft:stripped_spruce_log":3,"minecraft:peony":3,"minecraft:bell":1,"minecraft:bookshelf":4,"minecraft:potatoes":2,"minecraft:vine":1,"minecraft:stone":642,"minecraft:white_wool":2,"minecraft:oak_slab":2,"minecraft:scaffolding":1,"minecraft:stone_brick_slab":1,"minecraft:crafting_table":2,"minecraft:tall_grass":42,"minecraft:copper_ore":33,"minecraft:lapis_ore":6,"minecraft:spruce_stairs":29,"minecraft:purple_bed":2,"minecraft:coarse_dirt":13,"minecraft:purple_concrete":5,"minecraft:coal_ore":78,"minecraft:dripstone_block":11,"minecraft:gravel":32,"minecraft:cobweb":41,"minecraft:small_dripleaf":1,"minecraft:infested_stone":1}},"DataVersion":3465}