{"stats":{"minecraft:broken":{"minecraft:stone_sword":1,"minecraft:stone_pickaxe":4,"minecraft:stone_axe":1,"minecraft:iron_pickaxe":1},"minecraft:crafted":{"minecraft:oak_planks":48,"minecraft:stone_shovel":1,"minecraft:leather_leggings":1,"minecraft:leather_boots":1,"minecraft:leather_horse_armor":1,"minecraft:melon":6,"minecraft:cooked_chicken":2,"minecraft:furnace":4,"minecraft:cooked_mutton":15,"sophisticatedbackpacks:copper_backpack":1,"minecraft:stone_pickaxe":5,"minecraft:chest":4,"sophisticatedbackpacks:iron_backpack":1,"minecraft:cooked_beef":7,"sophisticatedbackpacks:backpack":1,"minecraft:cooked_porkchop":4,"minecraft:crafting_table":3,"minecraft:spruce_planks":192,"minecraft:iron_helmet":1,"minecraft:iron_sword":1,"minecraft:copper_ingot":25,"minecraft:birch_planks":76,"minecraft:stone_axe":1,"minecraft:air":0,"minecraft:iron_chestplate":1,"minecraft:stick":12,"minecraft:leather_chestplate":1,"minecraft:iron_ingot":23,"minecraft:iron_pickaxe":1,"minecraft:stone_sword":2,"minecraft:iron_leggings":2,"minecraft:white_bed":1,"minecraft:acacia_planks":100,"minecraft:torch":24},"minecraft:used":{"minecraft:beetroot":2,"minecraft:moss_carpet":45,"minecraft:stone_sword":298,"minecraft:stone_shovel":122,"minecraft:chest":6,"minecraft:spruce_planks":83,"minecraft:shield":23,"minecraft:iron_sword":15,"minecraft:cooked_salmon":1,"minecraft:cooked_chicken":2,"minecraft:iron_chestplate":1,"minecraft:orange_bed":2,"minecraft:torch":58,"minecraft:dirt":7,"minecraft:mutton":1,"minecraft:iron_boots":1,"minecraft:barrel":2,"minecraft:bow":23,"minecraft:furnace":4,"minecraft:goat_horn":2,"minecraft:cooked_beef":9,"minecraft:acacia_planks":12,"minecraft:iron_leggings":1,"minecraft:cooked_mutton":15,"minecraft:birch_planks":22,"minecraft:stone_pickaxe":545,"minecraft:oak_planks":2,"minecraft:crafting_table":3,"minecraft:crossbow":4,"minecraft:red_bed":2,"minecraft:cod":1,"minecraft:white_bed":4,"minecraft:apple":20,"minecraft:bread":5,"minecraft:iron_pickaxe":251,"minecraft:stone_axe":167,"minecraft:cobblestone":41,"minecraft:cooked_porkchop":4,"minecraft:experience_bottle":3},"minecraft:picked_up":{"minecraft:allium":2,"minecraft:crafting_table":1,"minecraft:iron_chestplate":6,"minecraft:coarse_dirt":13,"minecraft:wheat":12,"minecraft:flower_pot":1,"minecraft:chicken":5,"minecraft:clay_ball":4,"minecraft:leather_leggings":2,"minecraft:oak_stairs":2,"minecraft:shield":3,"minecraft:string":49,"minecraft:red_bed":2,"minecraft:moss_carpet":45,"minecraft:raw_copper":54,"minecraft:cooked_salmon":3,"minecraft:iron_leggings":2,"minecraft:experience_bottle":3,"minecraft:cracked_stone_bricks":2,"minecraft:cartography_table":1,"minecraft:detector_rail":3,"minecraft:spruce_planks":10,"minecraft:beef":46,"minecraft:iron_pickaxe":1,"minecraft:melon_slice":69,"minecraft:sugar_cane":8,"minecraft:chest":3,"minecraft:birch_sapling":25,"minecraft:furnace":1,"minecraft:iron_boots":3,"minecraft:egg":2,"minecraft:dark_oak_sapling":1,"minecraft:stick":74,"minecraft:raw_iron":41,"minecraft:acacia_fence":1,"minecraft:copper_ingot":19,"minecraft:torch":100,"minecraft:acacia_log":25,"minecraft:spruce_stairs":1,"sophisticatedbackpacks:backpack":2,"minecraft:porkchop":6,"minecraft:pointed_dripstone":3,"minecraft:vine":1,"minecraft:redstone":7,"minecraft:iron_horse_armor":1,"minecraft:goat_horn":1,"minecraft:orange_bed":3,"minecraft:stone_sword":4,"minecraft:arrow":17,"minecraft:rotten_flesh":16,"minecraft:stone_shovel":4,"minecraft:beetroot_seeds":8,"minecraft:mutton":18,"minecraft:iron_bars":1,"minecraft:white_wool":12,"minecraft:rail":9,"minecraft:cobblestone":672,"minecraft:birch_log":50,"minecraft:leather_chestplate":1,"minecraft:feather":6,"minecraft:lilac":2,"minecraft:iron_door":1,"minecraft:tripwire_hook":1,"minecraft:leather":39,"minecraft:golden_leggings":1,"minecraft:potato":14,"minecraft:birch_planks":42,"spelunkers_charm:old_miners_bundle":3,"minecraft:flint":1,"minecraft:oak_log":33,"minecraft:golden_boots":1,"minecraft:lapis_lazuli":47,"minecraft:dirt":76,"minecraft:name_tag":2,"minecraft:leather_boots":1,"minecraft:cooked_mutton":14,"minecraft:bone":6,"bountiful:bounty":1,"minecraft:apple":40,"minecraft:wheat_seeds":35,"minecraft:orange_tulip":6,"minecraft:glass_bottle":5,"minecraft:stone_pickaxe":4,"minecraft:cooked_chicken":1,"minecraft:tall_grass":2,"minecraft:mossy_stone_bricks":1,"minecraft:iron_sword":1,"minecraft:oak_planks":97,"minecraft:acacia_sapling":16,"minecraft:purple_concrete":1,"minecraft:book":12,"minecraft:oak_slab":2,"minecraft:dark_oak_slab":2,"minecraft:black_candle":1,"bountiful:decree":1,"minecraft:pumpkin":1,"minecraft:poisonous_potato":4,"minecraft:dripstone_block":11,"minecraft:gravel":37,"minecraft:melon":12,"minecraft:white_bed":5,"minecraft:spruce_log":62,"minecraft:leather_helmet":2,"minecraft:dark_oak_log":9,"minecraft:spider_eye":2,"minecraft:mossy_cobblestone":2,"minecraft:pumpkin_seeds":2,"minecraft:blue_terracotta":1,"minecraft:stone_axe":4,"minecraft:chainmail_leggings":1,"minecraft:crossbow":3,"minecraft:grass":2,"minecraft:gray_wool":2,"minecraft:bread":30,"minecraft:emerald":6,"minecraft:rooted_dirt":1,"minecraft:oak_sapling":8,"spelunkers_charm:rock":5,"minecraft:coal":104},"minecraft:killed_by":{"minecraft:skeleton":1,"minecraft:witch":1,"mythicmounts:dragon":1},"minecraft:killed":{"minecraft:vindicator":2,"minecraft:spider":2,"minecraft:skeleton":4,"minecraft:horse":3,"minecraft:chicken":5,"minecraft:silverfish":2,"minecraft:drowned":2,"minecraft:pig":1,"minecraft:sheep":10,"minecraft:pillager":8,"minecraft:zombie":3,"minecraft:villager":1,"minecraft:cow":15},"minecraft:dropped":{"minecraft:golden_boots":1,"minecraft:bread":5,"minecraft:vine":1,"minecraft:iron_sword":1,"minecraft:wheat_seeds":12,"minecraft:glass_bottle":9,"minecraft:dark_oak_sapling":1,"minecraft:dripstone_block":11,"minecraft:poisonous_potato":4,"minecraft:feather":3,"minecraft:orange_tulip":2,"minecraft:cobblestone":328,"minecraft:rooted_dirt":1,"minecraft:apple":16,"minecraft:cracked_stone_bricks":1,"minecraft:rail":9,"minecraft:leather_helmet":2,"minecraft:flint":5,"minecraft:dirt":10,"minecraft:melon":18,"minecraft:black_candle":1,"minecraft:cooked_salmon":1,"minecraft:iron_leggings":1,"minecraft:dried_kelp":5,"minecraft:iron_pickaxe":1,"minecraft:chainmail_leggings":1,"minecraft:white_wool":3,"minecraft:gravel":37,"bountiful:bounty":1,"minecraft:sugar_cane":1,"minecraft:detector_rail":3,"minecraft:coarse_dirt":13,"minecraft:wheat":4,"minecraft:birch_sapling":24,"minecraft:pointed_dripstone":3,"minecraft:stone_shovel":1,"minecraft:beetroot":2,"minecraft:rotten_flesh":12,"minecraft:clay_ball":4,"minecraft:oak_planks":17,"minecraft:white_bed":1,"minecraft:carrot":7,"minecraft:leather_chestplate":1,"minecraft:potato":5,"minecraft:flower_pot":1,"minecraft:allium":2,"minecraft:iron_chestplate":1,"minecraft:golden_leggings":1,"minecraft:leather_boots":1,"minecraft:beetroot_seeds":8,"minecraft:acacia_sapling":3,"minecraft:oak_sapling":4,"minecraft:spider_eye":2,"minecraft:stone_pickaxe":1},"minecraft:custom":{"minecraft:mob_kills":81,"minecraft:interact_with_crafting_table":41,"minecraft:open_barrel":38,"minecraft:eat_cake_slice":1,"minecraft:leave_game":4,"minecraft:time_since_death":82066,"minecraft:climb_one_cm":6632,"minecraft:sprint_one_cm":645553,"minecraft:walk_one_cm":431288,"minecraft:damage_blocked_by_shield":645,"minecraft:drop":78,"minecraft:talked_to_villager":2,"minecraft:play_time":246247,"minecraft:sneak_time":5520,"minecraft:deaths":3,"minecraft:walk_under_water_one_cm":8899,"minecraft:jump":2052,"minecraft:walk_on_water_one_cm":25225,"minecraft:total_world_time":246247,"minecraft:interact_with_furnace":51,"minecraft:sleep_in_bed":22,"minecraft:time_since_rest":826,"minecraft:damage_taken":3115,"minecraft:damage_dealt":8729,"minecraft:swim_one_cm":43811,"minecraft:fly_one_cm":470639,"minecraft:open_chest":53,"minecraft:crouch_one_cm":12190,"minecraft:fall_one_cm":47590,"minecraft:horse_one_cm":2627064},"minecraft:mined":{"minecraft:spruce_planks":10,"minecraft:white_bed":2,"minecraft:mossy_cobblestone":2,"minecraft:dark_oak_leaves":6,"minecraft:acacia_log":24,"minecraft:grass_block":50,"minecraft:cartography_table":1,"minecraft:rooted_dirt":1,"minecraft:furnace":1,"minecraft:iron_ore":42,"minecraft:moss_carpet":3,"minecraft:pumpkin":1,"minecraft:peony":3,"minecraft:bookshelf":4,"minecraft:vine":1,"minecraft:pointed_dripstone":2,"minecraft:oak_stairs":1,"minecraft:stone":641,"minecraft:white_wool":2,"minecraft:spruce_slab":1,"minecraft:orange_bed":3,"minecraft:oak_slab":2,"minecraft:red_bed":2,"minecraft:crafting_table":1,"minecraft:clay":1,"minecraft:torch":4,"minecraft:melon":5,"minecraft:chest":3,"minecraft:dead_bush":2,"minecraft:copper_ore":17,"minecraft:tall_grass":41,"spelunkers_charm:rock_pile_2":1,"minecraft:cobblestone":4,"minecraft:lapis_ore":6,"minecraft:sugar_cane":3,"minecraft:oak_planks":5,"minecraft:wall_torch":4,"minecraft:spruce_stairs":1,"minecraft:blue_terracotta":1,"spelunkers_charm:rock_pile_3":1,"minecraft:coarse_dirt":13,"minecraft:dark_oak_slab":1,"minecraft:birch_log":52,"minecraft:lilac":2,"minecraft:purple_concrete":1,"minecraft:grass":35,"minecraft:coal_ore":63,"minecraft:oak_log":33,"minecraft:acacia_fence":1,"minecraft:gravel":32,"minecraft:dripstone_block":11,"minecraft:dirt":26,"minecraft:cobweb":29,"minecraft:oak_leaves":3,"minecraft:infested_stone":1}},"DataVersion":3465}