{"stats":{"minecraft:broken":{"minecraft:stone_sword":1,"minecraft:stone_pickaxe":1},"minecraft:crafted":{"minecraft:oak_planks":48,"minecraft:stone_shovel":1,"minecraft:leather_leggings":1,"minecraft:leather_boots":1,"minecraft:leather_horse_armor":1,"minecraft:cooked_chicken":2,"minecraft:furnace":2,"minecraft:cooked_mutton":15,"minecraft:stone_pickaxe":2,"minecraft:chest":4,"sophisticatedbackpacks:backpack":1,"minecraft:cooked_porkchop":4,"minecraft:crafting_table":2,"minecraft:spruce_planks":192,"minecraft:copper_ingot":25,"minecraft:birch_planks":16,"minecraft:stone_axe":1,"minecraft:air":0,"minecraft:iron_chestplate":1,"minecraft:stick":12,"minecraft:iron_ingot":2,"minecraft:leather_chestplate":1,"minecraft:stone_sword":2,"minecraft:iron_leggings":1,"minecraft:white_bed":1,"minecraft:acacia_planks":100,"minecraft:torch":24},"minecraft:used":{"minecraft:beetroot":2,"minecraft:stone_sword":215,"minecraft:stone_shovel":86,"minecraft:chest":4,"minecraft:spruce_planks":83,"minecraft:shield":16,"minecraft:cooked_salmon":1,"minecraft:cooked_chicken":2,"minecraft:iron_chestplate":1,"minecraft:torch":24,"minecraft:dirt":7,"minecraft:iron_boots":1,"minecraft:barrel":2,"minecraft:furnace":2,"minecraft:cooked_beef":2,"minecraft:acacia_planks":12,"minecraft:iron_leggings":1,"minecraft:cooked_mutton":11,"minecraft:stone_pickaxe":223,"minecraft:oak_planks":2,"minecraft:crafting_table":2,"minecraft:white_bed":1,"minecraft:cod":1,"minecraft:apple":7,"minecraft:stone_axe":91,"minecraft:cobblestone":25,"minecraft:cooked_porkchop":4},"minecraft:picked_up":{"minecraft:coarse_dirt":13,"minecraft:iron_chestplate":2,"minecraft:chicken":5,"minecraft:clay_ball":4,"minecraft:leather_leggings":2,"minecraft:oak_stairs":2,"minecraft:shield":2,"minecraft:string":6,"minecraft:raw_copper":17,"minecraft:iron_leggings":2,"minecraft:spruce_planks":10,"minecraft:beef":42,"minecraft:chest":1,"minecraft:sugar_cane":8,"minecraft:birch_sapling":1,"minecraft:iron_boots":2,"minecraft:egg":2,"minecraft:raw_iron":2,"minecraft:stick":63,"minecraft:copper_ingot":19,"minecraft:torch":55,"minecraft:acacia_log":25,"minecraft:spruce_stairs":1,"sophisticatedbackpacks:backpack":1,"minecraft:porkchop":6,"minecraft:pointed_dripstone":3,"minecraft:redstone":7,"minecraft:iron_horse_armor":1,"minecraft:stone_sword":2,"minecraft:stone_shovel":3,"minecraft:rotten_flesh":10,"minecraft:arrow":6,"minecraft:beetroot_seeds":8,"minecraft:mutton":17,"minecraft:rail":5,"minecraft:white_wool":9,"minecraft:cobblestone":175,"minecraft:birch_log":4,"minecraft:feather":6,"minecraft:lilac":2,"minecraft:leather":37,"spelunkers_charm:old_miners_bundle":2,"minecraft:oak_log":28,"minecraft:dirt":63,"minecraft:name_tag":1,"minecraft:cooked_mutton":6,"minecraft:bone":6,"bountiful:bounty":1,"minecraft:apple":9,"minecraft:orange_tulip":4,"minecraft:wheat_seeds":29,"minecraft:stone_pickaxe":2,"minecraft:cooked_chicken":1,"minecraft:oak_planks":70,"minecraft:acacia_sapling":11,"minecraft:oak_slab":2,"minecraft:pumpkin":1,"minecraft:dripstone_block":11,"minecraft:gravel":5,"minecraft:white_bed":3,"minecraft:spruce_log":62,"minecraft:dark_oak_log":5,"minecraft:spider_eye":2,"minecraft:pumpkin_seeds":2,"minecraft:stone_axe":2,"minecraft:gray_wool":2,"minecraft:emerald":6,"minecraft:bread":19,"minecraft:rooted_dirt":1,"minecraft:oak_sapling":7,"spelunkers_charm:rock":5,"minecraft:coal":84},"minecraft:killed_by":{"minecraft:skeleton":1,"minecraft:witch":1},"minecraft:killed":{"minecraft:spider":2,"minecraft:horse":3,"minecraft:skeleton":3,"minecraft:chicken":5,"minecraft:drowned":2,"minecraft:pig":1,"minecraft:sheep":9,"minecraft:zombie":1,"minecraft:villager":1,"minecraft:cow":13},"minecraft:dropped":{"minecraft:wheat_seeds":10,"minecraft:dripstone_block":11,"minecraft:rooted_dirt":1,"minecraft:apple":1,"minecraft:dirt":10,"minecraft:iron_leggings":1,"minecraft:dried_kelp":5,"minecraft:white_wool":3,"minecraft:gravel":5,"minecraft:coarse_dirt":13,"minecraft:birch_sapling":1,"minecraft:pointed_dripstone":3,"minecraft:stone_shovel":1,"minecraft:beetroot":2,"minecraft:clay_ball":4,"minecraft:oak_planks":17,"minecraft:white_bed":1,"minecraft:carrot":7,"minecraft:iron_chestplate":1,"minecraft:acacia_sapling":3,"minecraft:oak_sapling":3,"minecraft:spider_eye":2},"minecraft:custom":{"minecraft:mob_kills":61,"minecraft:interact_with_crafting_table":25,"minecraft:open_barrel":36,"minecraft:leave_game":2,"minecraft:time_since_death":4093,"minecraft:climb_one_cm":2779,"minecraft:sprint_one_cm":451638,"minecraft:walk_one_cm":262582,"minecraft:damage_blocked_by_shield":405,"minecraft:drop":29,"minecraft:talked_to_villager":2,"minecraft:play_time":163493,"minecraft:deaths":2,"minecraft:sneak_time":4797,"minecraft:walk_under_water_one_cm":7040,"minecraft:jump":1435,"minecraft:walk_on_water_one_cm":20248,"minecraft:total_world_time":163493,"minecraft:interact_with_furnace":28,"minecraft:sleep_in_bed":14,"minecraft:time_since_rest":4171,"minecraft:damage_taken":1540,"minecraft:damage_dealt":6199,"minecraft:swim_one_cm":27715,"minecraft:fly_one_cm":335071,"minecraft:open_chest":36,"minecraft:crouch_one_cm":11227,"minecraft:fall_one_cm":31358,"minecraft:horse_one_cm":2382263},"minecraft:mined":{"minecraft:white_bed":1,"minecraft:spruce_planks":10,"minecraft:acacia_log":24,"minecraft:grass_block":47,"minecraft:rooted_dirt":1,"minecraft:iron_ore":2,"minecraft:pumpkin":1,"minecraft:peony":3,"minecraft:pointed_dripstone":2,"minecraft:vine":1,"minecraft:oak_stairs":1,"minecraft:stone":157,"minecraft:oak_slab":2,"minecraft:clay":1,"minecraft:chest":1,"minecraft:copper_ore":6,"minecraft:tall_grass":40,"spelunkers_charm:rock_pile_2":1,"minecraft:sugar_cane":3,"minecraft:oak_planks":5,"minecraft:wall_torch":2,"minecraft:spruce_stairs":1,"spelunkers_charm:rock_pile_3":1,"minecraft:coarse_dirt":13,"minecraft:birch_log":6,"minecraft:lilac":2,"minecraft:grass":30,"minecraft:coal_ore":43,"minecraft:oak_log":28,"minecraft:gravel":5,"minecraft:dripstone_block":11,"minecraft:dirt":16,"minecraft:oak_leaves":3}},"DataVersion":3465}