{"stats":{"minecraft:custom":{"minecraft:time_since_rest":13784,"minecraft:interact_with_furnace":6,"minecraft:sprint_one_cm":53774,"minecraft:damage_taken":194,"minecraft:walk_one_cm":45981,"minecraft:mob_kills":7,"minecraft:drop":4,"minecraft:damage_dealt":824,"minecraft:swim_one_cm":10403,"minecraft:interact_with_crafting_table":7,"minecraft:crouch_one_cm":1,"minecraft:fly_one_cm":41275,"minecraft:open_barrel":7,"minecraft:play_time":28749,"minecraft:sneak_time":33,"minecraft:walk_under_water_one_cm":5120,"minecraft:jump":187,"minecraft:time_since_death":28749,"minecraft:walk_on_water_one_cm":6561,"minecraft:sleep_in_bed":1,"minecraft:total_world_time":28749,"minecraft:climb_one_cm":1220,"minecraft:fall_one_cm":3671},"minecraft:crafted":{"minecraft:oak_planks":16,"minecraft:stick":4,"minecraft:stone_pickaxe":1,"minecraft:stone_sword":1,"minecraft:furnace":1,"minecraft:acacia_planks":100,"minecraft:stone_axe":1,"minecraft:cooked_mutton":5},"minecraft:used":{"minecraft:beetroot":2,"minecraft:cooked_mutton":1,"minecraft:stone_sword":27,"minecraft:stone_pickaxe":29,"minecraft:oak_planks":2,"minecraft:stone_axe":55,"minecraft:furnace":1,"minecraft:cod":1,"minecraft:cooked_beef":2},"minecraft:mined":{"minecraft:grass":4,"minecraft:acacia_log":24,"minecraft:coal_ore":10,"minecraft:grass_block":3,"minecraft:oak_log":20,"minecraft:copper_ore":1,"minecraft:tall_grass":4,"minecraft:oak_planks":2,"minecraft:stone":18,"minecraft:oak_leaves":3},"minecraft:killed":{"minecraft:skeleton":1,"minecraft:drowned":2,"minecraft:cow":4},"minecraft:dropped":{"minecraft:acacia_sapling":3,"minecraft:beetroot":2,"minecraft:dried_kelp":5,"minecraft:apple":1},"minecraft:picked_up":{"minecraft:stick":10,"minecraft:leather_leggings":2,"minecraft:acacia_log":25,"minecraft:oak_log":20,"minecraft:dirt":1,"minecraft:raw_copper":3,"minecraft:cooked_mutton":4,"minecraft:bone":4,"minecraft:arrow":3,"minecraft:rotten_flesh":2,"minecraft:wheat_seeds":2,"minecraft:beef":6,"minecraft:oak_sapling":2,"minecraft:oak_planks":2,"minecraft:coal":10,"minecraft:acacia_sapling":11,"minecraft:cobblestone":18}},"DataVersion":3465}