{"stats":{"minecraft:broken":{"minecraft:stone_sword":1,"minecraft:stone_pickaxe":3,"minecraft:stone_axe":1,"minecraft:iron_pickaxe":1},"minecraft:crafted":{"minecraft:oak_planks":48,"minecraft:stone_shovel":1,"minecraft:leather_leggings":1,"minecraft:leather_boots":1,"minecraft:leather_horse_armor":1,"minecraft:cooked_chicken":2,"minecraft:furnace":4,"minecraft:cooked_mutton":15,"minecraft:stone_pickaxe":5,"minecraft:chest":4,"sophisticatedbackpacks:backpack":1,"minecraft:cooked_porkchop":4,"minecraft:crafting_table":3,"minecraft:spruce_planks":192,"minecraft:iron_helmet":1,"minecraft:copper_ingot":25,"minecraft:birch_planks":76,"minecraft:stone_axe":1,"minecraft:air":0,"minecraft:iron_chestplate":1,"minecraft:stick":12,"minecraft:leather_chestplate":1,"minecraft:iron_ingot":10,"minecraft:iron_pickaxe":1,"minecraft:stone_sword":2,"minecraft:iron_leggings":1,"minecraft:white_bed":1,"minecraft:acacia_planks":100,"minecraft:torch":24},"minecraft:used":{"minecraft:beetroot":2,"minecraft:moss_carpet":45,"minecraft:stone_sword":241,"minecraft:stone_shovel":122,"minecraft:chest":4,"minecraft:spruce_planks":83,"minecraft:shield":19,"minecraft:cooked_salmon":1,"minecraft:cooked_chicken":2,"minecraft:iron_chestplate":1,"minecraft:torch":54,"minecraft:dirt":7,"minecraft:mutton":1,"minecraft:iron_boots":1,"minecraft:barrel":2,"minecraft:furnace":4,"minecraft:goat_horn":2,"minecraft:cooked_beef":2,"minecraft:acacia_planks":12,"minecraft:iron_leggings":1,"minecraft:cooked_mutton":12,"minecraft:birch_planks":22,"minecraft:stone_pickaxe":450,"minecraft:oak_planks":2,"minecraft:crafting_table":3,"minecraft:red_bed":2,"minecraft:cod":1,"minecraft:white_bed":4,"minecraft:apple":19,"minecraft:bread":5,"minecraft:iron_pickaxe":251,"minecraft:stone_axe":150,"minecraft:cobblestone":41,"minecraft:cooked_porkchop":4,"minecraft:experience_bottle":3},"minecraft:picked_up":{"minecraft:iron_chestplate":3,"minecraft:coarse_dirt":13,"minecraft:wheat":12,"minecraft:chicken":5,"minecraft:clay_ball":4,"minecraft:leather_leggings":2,"minecraft:oak_stairs":2,"minecraft:shield":3,"minecraft:string":20,"minecraft:red_bed":2,"minecraft:moss_carpet":45,"minecraft:raw_copper":54,"minecraft:cooked_salmon":3,"minecraft:iron_leggings":2,"minecraft:experience_bottle":3,"minecraft:cracked_stone_bricks":1,"minecraft:detector_rail":3,"minecraft:spruce_planks":10,"minecraft:beef":46,"minecraft:iron_pickaxe":1,"minecraft:sugar_cane":8,"minecraft:chest":1,"minecraft:birch_sapling":25,"minecraft:iron_boots":3,"minecraft:egg":2,"minecraft:dark_oak_sapling":1,"minecraft:stick":74,"minecraft:raw_iron":27,"minecraft:copper_ingot":19,"minecraft:torch":98,"minecraft:acacia_log":25,"minecraft:spruce_stairs":1,"sophisticatedbackpacks:backpack":2,"minecraft:porkchop":6,"minecraft:pointed_dripstone":3,"minecraft:redstone":7,"minecraft:iron_horse_armor":1,"minecraft:goat_horn":1,"minecraft:stone_sword":3,"minecraft:arrow":17,"minecraft:rotten_flesh":14,"minecraft:stone_shovel":4,"minecraft:beetroot_seeds":8,"minecraft:mutton":18,"minecraft:iron_bars":1,"minecraft:white_wool":10,"minecraft:rail":9,"minecraft:cobblestone":596,"minecraft:birch_log":50,"minecraft:feather":6,"minecraft:lilac":2,"minecraft:iron_door":1,"minecraft:leather":39,"minecraft:potato":14,"minecraft:birch_planks":42,"spelunkers_charm:old_miners_bundle":3,"minecraft:flint":1,"minecraft:oak_log":33,"minecraft:lapis_lazuli":47,"minecraft:dirt":76,"minecraft:name_tag":2,"minecraft:cooked_mutton":14,"minecraft:bone":6,"bountiful:bounty":1,"minecraft:apple":40,"minecraft:wheat_seeds":29,"minecraft:orange_tulip":6,"minecraft:stone_pickaxe":4,"minecraft:cooked_chicken":1,"minecraft:mossy_stone_bricks":1,"minecraft:iron_sword":1,"minecraft:oak_planks":97,"minecraft:acacia_sapling":11,"minecraft:oak_slab":2,"minecraft:pumpkin":1,"minecraft:dripstone_block":11,"minecraft:gravel":37,"minecraft:white_bed":5,"minecraft:spruce_log":62,"minecraft:dark_oak_log":9,"minecraft:spider_eye":2,"minecraft:mossy_cobblestone":2,"minecraft:pumpkin_seeds":2,"minecraft:stone_axe":4,"minecraft:chainmail_leggings":1,"minecraft:crossbow":1,"minecraft:gray_wool":2,"minecraft:bread":30,"minecraft:emerald":6,"minecraft:rooted_dirt":1,"minecraft:oak_sapling":8,"spelunkers_charm:rock":5,"minecraft:coal":104},"minecraft:killed_by":{"minecraft:skeleton":1,"minecraft:witch":1,"mythicmounts:dragon":1},"minecraft:killed":{"minecraft:spider":2,"minecraft:skeleton":4,"minecraft:horse":3,"minecraft:chicken":5,"minecraft:silverfish":2,"minecraft:drowned":2,"minecraft:pig":1,"minecraft:sheep":10,"minecraft:zombie":3,"minecraft:villager":1,"minecraft:cow":15},"minecraft:dropped":{"minecraft:bread":5,"minecraft:iron_sword":1,"minecraft:wheat_seeds":10,"minecraft:dripstone_block":11,"minecraft:orange_tulip":2,"minecraft:rooted_dirt":1,"minecraft:apple":16,"minecraft:dirt":10,"minecraft:cooked_salmon":1,"minecraft:iron_leggings":1,"minecraft:dried_kelp":5,"minecraft:iron_pickaxe":1,"minecraft:white_wool":3,"minecraft:gravel":5,"minecraft:coarse_dirt":13,"minecraft:wheat":4,"minecraft:birch_sapling":9,"minecraft:pointed_dripstone":3,"minecraft:stone_shovel":1,"minecraft:beetroot":2,"minecraft:clay_ball":4,"minecraft:oak_planks":17,"minecraft:white_bed":1,"minecraft:carrot":7,"minecraft:potato":5,"minecraft:iron_chestplate":1,"minecraft:acacia_sapling":3,"minecraft:oak_sapling":3,"minecraft:spider_eye":2,"minecraft:stone_pickaxe":1},"minecraft:custom":{"minecraft:mob_kills":69,"minecraft:interact_with_crafting_table":32,"minecraft:open_barrel":36,"minecraft:leave_game":4,"minecraft:time_since_death":46066,"minecraft:climb_one_cm":2779,"minecraft:sprint_one_cm":552807,"minecraft:walk_one_cm":374250,"minecraft:damage_blocked_by_shield":485,"minecraft:drop":39,"minecraft:talked_to_villager":2,"minecraft:play_time":210247,"minecraft:sneak_time":5281,"minecraft:deaths":3,"minecraft:walk_under_water_one_cm":8398,"minecraft:jump":1803,"minecraft:walk_on_water_one_cm":23032,"minecraft:total_world_time":210247,"minecraft:interact_with_furnace":40,"minecraft:sleep_in_bed":19,"minecraft:time_since_rest":8996,"minecraft:damage_taken":2299,"minecraft:damage_dealt":7096,"minecraft:swim_one_cm":41909,"minecraft:fly_one_cm":415004,"minecraft:open_chest":36,"minecraft:crouch_one_cm":11849,"minecraft:fall_one_cm":39265,"minecraft:horse_one_cm":2461673},"minecraft:mined":{"minecraft:spruce_planks":10,"minecraft:white_bed":2,"minecraft:mossy_cobblestone":2,"minecraft:dark_oak_leaves":6,"minecraft:acacia_log":24,"minecraft:grass_block":50,"minecraft:rooted_dirt":1,"minecraft:iron_ore":28,"minecraft:moss_carpet":3,"minecraft:pumpkin":1,"minecraft:peony":3,"minecraft:vine":1,"minecraft:pointed_dripstone":2,"minecraft:oak_stairs":1,"minecraft:stone":563,"minecraft:oak_slab":2,"minecraft:red_bed":2,"minecraft:clay":1,"minecraft:torch":4,"minecraft:chest":1,"minecraft:copper_ore":17,"minecraft:tall_grass":40,"spelunkers_charm:rock_pile_2":1,"minecraft:cobblestone":4,"minecraft:lapis_ore":6,"minecraft:sugar_cane":3,"minecraft:oak_planks":5,"minecraft:wall_torch":3,"minecraft:spruce_stairs":1,"spelunkers_charm:rock_pile_3":1,"minecraft:coarse_dirt":13,"minecraft:birch_log":52,"minecraft:lilac":2,"minecraft:grass":32,"minecraft:coal_ore":63,"minecraft:oak_log":33,"minecraft:gravel":32,"minecraft:dripstone_block":11,"minecraft:dirt":26,"minecraft:oak_leaves":3,"minecraft:infested_stone":1}},"DataVersion":3465}