{"stats":{"minecraft:broken":{"minecraft:iron_shovel":1,"minecraft:diamond_helmet":1,"minecraft:stone_pickaxe":5,"minecraft:stone_axe":1,"minecraft:stone_shovel":1,"minecraft:stone_sword":2,"minecraft:iron_pickaxe":6,"minecraft:iron_helmet":1,"minecraft:netherite_boots":1,"minecraft:netherite_sword":2},"minecraft:crafted":{"minecraft:oak_planks":48,"minecraft:leather_horse_armor":1,"minecraft:melon":6,"minecraft:cooked_chicken":12,"minecraft:cobblestone_stairs":4,"minecraft:stone":32,"minecraft:heavy_weighted_pressure_plate":2,"minecraft:cooked_mutton":15,"sophisticatedbackpacks:copper_backpack":1,"minecraft:chest":7,"minecraft:copper_block":23,"minecraft:iron_door":3,"minecraft:wooden_shovel":1,"sophisticatedbackpacks:backpack":1,"minecraft:cooked_porkchop":78,"minecraft:crafting_table":5,"minecraft:spruce_planks":204,"minecraft:wooden_pickaxe":1,"minecraft:iron_helmet":1,"minecraft:baked_potato":64,"minecraft:copper_ingot":308,"minecraft:acacia_button":2,"minecraft:birch_planks":200,"sophisticatedbackpacks:upgrade_base":3,"minecraft:iron_chestplate":1,"minecraft:stick":16,"minecraft:iron_ingot":161,"minecraft:leather_chestplate":3,"minecraft:iron_pickaxe":5,"minecraft:iron_block":8,"minecraft:stone_sword":2,"minecraft:gold_ingot":20,"minecraft:wooden_sword":1,"minecraft:stone_shovel":1,"minecraft:leather_leggings":1,"minecraft:leather_boots":1,"sophisticatedbackpacks:tool_swapper_upgrade":1,"sophisticatedbackpacks:stack_upgrade_tier_1":2,"minecraft:furnace":4,"minecraft:stone_button":2,"sophisticatedbackpacks:stack_upgrade_starter_tier":2,"minecraft:stone_stairs":16,"minecraft:stone_pickaxe":5,"minecraft:dark_oak_planks":8,"sophisticatedbackpacks:iron_backpack":1,"minecraft:cooked_beef":11,"minecraft:iron_sword":1,"sophisticatedbackpacks:gold_backpack":1,"minecraft:bucket":2,"minecraft:stone_axe":1,"majruszsdifficulty:golden_bandage":2,"minecraft:jungle_planks":8,"minecraft:air":0,"minecraft:gold_nugget":18,"minecraft:wooden_axe":1,"minecraft:iron_shovel":1,"minecraft:iron_leggings":2,"minecraft:white_bed":1,"minecraft:acacia_planks":136,"minecraft:torch":116},"minecraft:used":{"minecraft:beetroot":2,"minecraft:moss_carpet":45,"minecraft:iron_shovel":303,"minecraft:chest":14,"minecraft:shield":35,"minecraft:stone":2,"minecraft:iron_sword":15,"minecraft:player_head":1,"minecraft:iron_chestplate":2,"minecraft:mutton":1,"minecraft:jungle_planks":4,"minecraft:tuff":14,"minecraft:lava_bucket":1,"minecraft:coal_ore":1,"minecraft:red_wool":1,"minecraft:lantern":3,"minecraft:iron_helmet":1,"minecraft:stone_bricks":1,"minecraft:netherite_boots":1,"minecraft:deepslate_diamond_ore":2,"minecraft:bow":23,"minecraft:furnace":7,"minecraft:dark_oak_stairs":1,"minecraft:diamond_boots":1,"minecraft:damaged_anvil":2,"minecraft:stone_pickaxe":693,"minecraft:oak_planks":4,"minecraft:diamond_axe":18,"minecraft:golden_apple":1,"minecraft:glow_berries":3,"minecraft:blast_furnace":3,"minecraft:crossbow":4,"minecraft:heavy_weighted_pressure_plate":2,"minecraft:bread":37,"minecraft:stone_button":5,"minecraft:iron_door":4,"minecraft:diamond_sword":1003,"minecraft:oak_hanging_sign":1,"minecraft:experience_bottle":14,"sophisticatedbackpacks:iron_backpack":1,"minecraft:netherite_sword":211,"minecraft:stone_sword":659,"minecraft:stone_shovel":142,"minecraft:spruce_planks":83,"minecraft:cooked_salmon":1,"minecraft:cooked_chicken":2,"minecraft:orange_bed":3,"minecraft:torch":149,"minecraft:dirt":140,"minecraft:spyglass":5,"minecraft:spruce_stairs":7,"minecraft:stone_stairs":20,"minecraft:diamond_helmet":1,"minecraft:spruce_fence":1,"minecraft:iron_axe":168,"minecraft:iron_boots":1,"minecraft:barrel":2,"minecraft:diamond_chestplate":1,"minecraft:golden_carrot":7,"minecraft:goat_horn":5,"minecraft:cooked_beef":17,"minecraft:acacia_planks":12,"minecraft:cobbled_deepslate":16,"minecraft:iron_leggings":1,"sophisticatedbackpacks:gold_backpack":1,"minecraft:cooked_mutton":18,"minecraft:water_bucket":41,"minecraft:cobblestone_stairs":1,"minecraft:glass_bottle":2,"minecraft:birch_planks":22,"minecraft:mossy_cobblestone":2,"minecraft:crafting_table":5,"minecraft:red_bed":2,"minecraft:cod":1,"minecraft:white_bed":6,"minecraft:smoker":3,"minecraft:acacia_stairs":1,"minecraft:diamond_pickaxe":33,"minecraft:apple":20,"majruszsdifficulty:undead_army_treasure_bag":1,"minecraft:iron_pickaxe":1256,"minecraft:stone_axe":167,"bountiful:bountyboard":1,"minecraft:potion":2,"minecraft:cobblestone":274,"minecraft:purple_bed":2,"minecraft:porkchop":4,"minecraft:white_banner":2,"minecraft:cooked_porkchop":51,"minecraft:bucket":44,"minecraft:pumpkin_pie":2,"minecraft:splash_potion":1,"minecraft:diamond_leggings":1},"minecraft:picked_up":{"minecraft:iron_chestplate":12,"minecraft:wheat":20,"minecraft:flower_pot":2,"minecraft:stone_slab":1,"minecraft:smithing_table":1,"minecraft:diamond_sword":2,"minecraft:oak_stairs":7,"minecraft:enchanted_book":3,"minecraft:stone_brick_stairs":3,"minecraft:string":80,"minecraft:raw_copper":310,"minecraft:cooked_salmon":5,"minecraft:oak_hanging_sign":2,"minecraft:iron_leggings":3,"minecraft:experience_bottle":3,"minecraft:shroomlight":5,"minecraft:deepslate_tiles":18,"minecraft:activator_rail":4,"minecraft:diamond_leggings":3,"minecraft:gold_nugget":6,"minecraft:cobbled_deepslate":309,"minecraft:spruce_planks":16,"minecraft:white_tulip":1,"minecraft:iron_pickaxe":4,"minecraft:enchanted_golden_apple":1,"minecraft:melon_slice":69,"minecraft:iron_boots":5,"minecraft:furnace":3,"minecraft:spruce_pressure_plate":7,"minecraft:stick":157,"minecraft:acacia_fence":2,"minecraft:torch":164,"minecraft:acacia_log":34,"minecraft:spruce_stairs":53,"minecraft:porkchop":143,"minecraft:pointed_dripstone":3,"minecraft:vine":1,"minecraft:cauldron":4,"minecraft:golden_chestplate":7,"minecraft:green_terracotta":5,"minecraft:goat_horn":1,"minecraft:orange_bed":3,"minecraft:stone_sword":11,"minecraft:rotten_flesh":49,"minecraft:iron_bars":10,"minecraft:cobblestone":1645,"minecraft:sponge":3,"minecraft:birch_log":81,"minecraft:leather_chestplate":1,"minecraft:feather":6,"minecraft:lilac":2,"minecraft:jungle_log":2,"minecraft:iron_door":6,"minecraft:water_bucket":3,"minecraft:andesite":1,"minecraft:orange_carpet":3,"minecraft:golden_leggings":1,"minecraft:smoker":2,"minecraft:potato":23,"minecraft:flint":6,"minecraft:tuff":87,"minecraft:wither_skeleton_skull":1,"minecraft:map":2,"minecraft:lapis_lazuli":47,"minecraft:dirt":453,"minecraft:lantern":4,"minecraft:name_tag":2,"minecraft:purple_carpet":1,"minecraft:leather_boots":1,"minecraft:bone":124,"minecraft:acacia_planks":1,"minecraft:bow":6,"minecraft:wheat_seeds":80,"minecraft:orange_tulip":7,"minecraft:raw_gold":22,"minecraft:bell":1,"minecraft:bamboo":9,"minecraft:mossy_stone_bricks":2,"minecraft:diamond_helmet":1,"minecraft:powered_rail":6,"minecraft:moss_block":4,"minecraft:oak_planks":140,"endrem:lost_eye":1,"bountiful:decree":1,"minecraft:cooked_porkchop":34,"minecraft:lime_terracotta":17,"minecraft:stripped_acacia_wood":1,"minecraft:poisonous_potato":4,"minecraft:sand":14,"minecraft:melon":12,"minecraft:stripped_spruce_log":3,"sophisticatedbackpacks:iron_backpack":2,"minecraft:lily_of_the_valley":1,"minecraft:acacia_stairs":1,"minecraft:dark_oak_log":13,"minecraft:mossy_cobblestone":25,"minecraft:dark_prismarine":11,"minecraft:spruce_fence_gate":3,"minecraft:blue_terracotta":1,"minecraft:deepslate":1,"minecraft:diamond":4,"minecraft:blue_ice":1,"minecraft:crossbow":3,"minecraft:grass":4,"minecraft:chainmail_helmet":1,"minecraft:bread":49,"minecraft:golden_horse_armor":2,"minecraft:emerald":23,"minecraft:rooted_dirt":1,"minecraft:oak_sapling":8,"minecraft:dark_oak_fence":1,"minecraft:diamond_pickaxe":1,"sophisticatedbackpacks:gold_backpack":1,"minecraft:crafting_table":2,"minecraft:coarse_dirt":13,"minecraft:allium":5,"minecraft:splash_potion":1,"minecraft:chicken":6,"minecraft:clay_ball":4,"minecraft:leather_leggings":7,"minecraft:chain":4,"minecraft:brick":3,"minecraft:shield":7,"minecraft:stone_stairs":4,"minecraft:oak_trapdoor":3,"minecraft:red_bed":2,"minecraft:moss_carpet":45,"minecraft:iron_axe":2,"minecraft:iron_shovel":2,"minecraft:cracked_stone_bricks":2,"minecraft:cartography_table":2,"minecraft:candle":4,"minecraft:detector_rail":7,"minecraft:netherite_sword":2,"minecraft:deepslate_diamond_ore":2,"minecraft:beef":46,"minecraft:andesite_stairs":1,"minecraft:player_head":7,"minecraft:spruce_slab":11,"minecraft:light_gray_wool":1,"minecraft:sugar_cane":8,"minecraft:chest":8,"minecraft:birch_sapling":25,"minecraft:spruce_trapdoor":13,"minecraft:phantom_membrane":3,"minecraft:egg":4,"minecraft:dark_oak_sapling":1,"minecraft:raw_iron":107,"minecraft:raw_gold_block":1,"minecraft:oak_door":2,"minecraft:copper_ingot":19,"sophisticatedbackpacks:backpack":3,"minecraft:spruce_fence":5,"minecraft:stone_button":3,"minecraft:carrot":27,"minecraft:redstone":23,"minecraft:iron_horse_armor":3,"minecraft:dark_oak_planks":14,"minecraft:arrow":58,"minecraft:stone_shovel":4,"minecraft:decorated_pot":1,"minecraft:beetroot_seeds":14,"minecraft:diamond_boots":1,"majruszsdifficulty:soul_jar":1,"minecraft:gold_ingot":2,"minecraft:glow_berries":9,"bountiful:bountyboard":1,"minecraft:mutton":18,"minecraft:white_wool":13,"minecraft:rail":45,"minecraft:netherite_boots":7,"minecraft:basalt":2,"minecraft:golden_carrot":7,"minecraft:tripwire_hook":1,"minecraft:leather":71,"majruszsdifficulty:cloth":11,"minecraft:birch_planks":42,"minecraft:filled_map":1,"minecraft:torchflower":1,"spelunkers_charm:old_miners_bundle":8,"minecraft:oak_log":52,"minecraft:golden_boots":1,"minecraft:gunpowder":6,"minecraft:cobblestone_stairs":4,"minecraft:deepslate_tile_slab":4,"minecraft:blue_bed":1,"minecraft:paper":4,"minecraft:white_banner":2,"minecraft:cooked_mutton":19,"bountiful:bounty":2,"minecraft:apple":46,"minecraft:stone_bricks":11,"minecraft:kelp":5,"minecraft:iron_ingot":8,"minecraft:stone_pickaxe":4,"minecraft:cooked_chicken":1,"minecraft:blade_pottery_sherd":1,"minecraft:tall_grass":4,"minecraft:glass_bottle":5,"minecraft:bamboo_fence":3,"minecraft:verdant_froglight":1,"minecraft:iron_sword":4,"minecraft:acacia_sapling":26,"minecraft:dark_oak_stairs":7,"minecraft:purple_concrete":5,"minecraft:book":24,"minecraft:scaffolding":37,"minecraft:oak_slab":2,"minecraft:black_candle":1,"minecraft:dark_oak_slab":2,"minecraft:pumpkin":1,"minecraft:stone_brick_slab":1,"minecraft:red_wool":1,"minecraft:dripstone_block":12,"minecraft:gravel":43,"minecraft:birch_stairs":1,"majruszsdifficulty:bandage":10,"minecraft:white_bed":10,"minecraft:spruce_log":62,"minecraft:green_carpet":7,"minecraft:spider_eye":8,"minecraft:leather_helmet":2,"minecraft:dried_kelp_block":7,"minecraft:pumpkin_seeds":2,"minecraft:coal_ore":1,"minecraft:purple_bed":2,"minecraft:stone_axe":4,"minecraft:chainmail_leggings":1,"minecraft:iron_helmet":4,"minecraft:diamond_axe":2,"minecraft:painting":1,"minecraft:gray_wool":4,"majruszsdifficulty:tattered_chestplate":1,"minecraft:damaged_anvil":2,"spelunkers_charm:rock":5,"minecraft:coal":337,"minecraft:sunflower":5},"minecraft:killed_by":{"minecraft:witch":1,"mythicmounts:dragon":3,"minecraft:hoglin":2,"minecraft:skeleton":1},"minecraft:killed":{"minecraft:cave_spider":1,"minecraft:witch":1,"minecraft:spider":11,"minecraft:skeleton":32,"minecraft:chicken":6,"minecraft:silverfish":2,"minecraft:pig":2,"minecraft:creeper":6,"minecraft:sheep":12,"minecraft:pillager":11,"minecraft:zombie":30,"minecraft:cow":15,"minecraft:vex":1,"minecraft:vindicator":3,"minecraft:phantom":2,"minecraft:horse":3,"minecraft:drowned":3,"minecraft:husk":1,"majruszsdifficulty:cursed_armor":2,"minecraft:hoglin":72,"minecraft:wither_skeleton":94,"minecraft:villager":1},"minecraft:dropped":{"minecraft:iron_sword":1,"minecraft:diamond_axe":1,"minecraft:dark_oak_stairs":4,"minecraft:oak_log":15,"minecraft:glass_bottle":9,"minecraft:dark_oak_sapling":1,"minecraft:decorated_pot":1,"minecraft:orange_tulip":2,"minecraft:lime_terracotta":17,"minecraft:crossbow":3,"minecraft:rooted_dirt":1,"minecraft:iron_horse_armor":2,"minecraft:cracked_stone_bricks":2,"minecraft:rail":35,"minecraft:leather_helmet":2,"minecraft:cobblestone_stairs":3,"minecraft:flint":5,"minecraft:dirt":191,"minecraft:melon":18,"minecraft:orange_carpet":3,"minecraft:netherite_scrap":4,"minecraft:dark_oak_fence":1,"minecraft:sunflower":1,"minecraft:sand":14,"minecraft:chain":2,"minecraft:phantom_membrane":1,"minecraft:iron_pickaxe":1,"minecraft:dark_oak_planks":1,"minecraft:white_wool":4,"minecraft:blue_bed":1,"minecraft:gold_ingot":21,"minecraft:bone":24,"minecraft:gravel":43,"minecraft:white_tulip":1,"bountiful:bounty":2,"minecraft:sugar_cane":1,"minecraft:detector_rail":3,"minecraft:golden_chestplate":7,"minecraft:cobbled_deepslate":137,"minecraft:wheat":4,"minecraft:birch_sapling":24,"minecraft:pointed_dripstone":3,"minecraft:beetroot":15,"minecraft:rotten_flesh":19,"minecraft:oak_planks":17,"minecraft:enchanted_golden_apple":3,"minecraft:white_bed":1,"minecraft:carrot":7,"minecraft:leather_chestplate":1,"minecraft:deepslate_tiles":18,"minecraft:gunpowder":3,"minecraft:beetroot_seeds":8,"minecraft:acacia_sapling":7,"minecraft:leather_boots":1,"minecraft:chainmail_boots":1,"minecraft:leather_leggings":4,"minecraft:spruce_slab":11,"minecraft:arrow":3,"minecraft:basalt":2,"minecraft:powered_rail":3,"minecraft:stone_brick_stairs":3,"minecraft:acacia_fence":1,"minecraft:stone_hoe":2,"minecraft:egg":1,"minecraft:enchanted_book":1,"minecraft:bread":5,"minecraft:iron_ingot":17,"minecraft:golden_boots":1,"minecraft:netherite_pickaxe":1,"minecraft:vine":1,"minecraft:wheat_seeds":44,"minecraft:mossy_cobblestone":21,"minecraft:golden_horse_armor":2,"minecraft:dripstone_block":11,"minecraft:poisonous_potato":4,"majruszsdifficulty:soul_jar":1,"minecraft:feather":8,"minecraft:cobblestone":518,"minecraft:purple_concrete":1,"minecraft:apple":16,"minecraft:deepslate_tile_slab":4,"minecraft:spruce_stairs":24,"minecraft:chainmail_helmet":1,"minecraft:coal":24,"minecraft:spruce_fence_gate":3,"minecraft:diamond_horse_armor":1,"minecraft:gray_wool":2,"minecraft:black_candle":1,"minecraft:torch":13,"minecraft:cooked_salmon":1,"minecraft:iron_leggings":2,"minecraft:dried_kelp":5,"minecraft:iron_axe":1,"minecraft:chainmail_leggings":1,"minecraft:paper":4,"minecraft:acacia_planks":1,"minecraft:sweet_berries":15,"minecraft:netherite_hoe":1,"minecraft:green_terracotta":5,"minecraft:player_head":6,"minecraft:coarse_dirt":13,"minecraft:stone_sword":2,"minecraft:tuff":40,"minecraft:stone_shovel":3,"minecraft:light_gray_wool":1,"minecraft:clay_ball":4,"minecraft:spruce_fence":3,"minecraft:diamond_sword":1,"minecraft:filled_map":1,"minecraft:shroomlight":2,"minecraft:potato":5,"minecraft:stone":4,"minecraft:flower_pot":1,"minecraft:allium":2,"majruszsdifficulty:bandage":1,"minecraft:iron_chestplate":3,"minecraft:golden_leggings":1,"minecraft:oak_sapling":4,"minecraft:stone_bricks":10,"minecraft:spider_eye":5,"minecraft:bamboo":9,"minecraft:bow":3,"minecraft:stone_pickaxe":5,"minecraft:dark_prismarine":5,"minecraft:brick":3},"minecraft:custom":{"minecraft:interact_with_crafting_table":86,"minecraft:open_barrel":71,"minecraft:eat_cake_slice":3,"minecraft:leave_game":6,"minecraft:time_since_death":154872,"minecraft:sprint_one_cm":1472516,"minecraft:damage_blocked_by_shield":910,"minecraft:drop":218,"minecraft:talked_to_villager":3,"minecraft:play_time":622001,"minecraft:deaths":7,"minecraft:jump":5357,"minecraft:interact_with_brewingstand":2,"minecraft:walk_on_water_one_cm":84605,"minecraft:interact_with_furnace":122,"minecraft:sleep_in_bed":41,"minecraft:damage_dealt":83130,"minecraft:crouch_one_cm":45075,"minecraft:interact_with_smoker":33,"minecraft:horse_one_cm":2870034,"minecraft:interact_with_anvil":5,"minecraft:mob_kills":351,"minecraft:climb_one_cm":15014,"minecraft:walk_one_cm":1242179,"minecraft:damage_dealt_absorbed":87,"minecraft:sneak_time":25663,"minecraft:walk_under_water_one_cm":50790,"minecraft:interact_with_blast_furnace":38,"minecraft:total_world_time":622001,"minecraft:interact_with_grindstone":1,"minecraft:time_since_rest":16674,"minecraft:damage_taken":10431,"minecraft:damage_absorbed":40,"minecraft:swim_one_cm":60857,"minecraft:fly_one_cm":1121983,"minecraft:open_chest":371,"minecraft:fall_one_cm":109714},"minecraft:mined":{"minecraft:dark_oak_planks":11,"minecraft:spruce_planks":14,"minecraft:white_bed":5,"minecraft:andesite_stairs":1,"minecraft:cobblestone_stairs":1,"minecraft:spruce_trapdoor":13,"minecraft:acacia_log":35,"minecraft:grass_block":201,"minecraft:iron_ore":86,"minecraft:cobbled_deepslate":21,"minecraft:pumpkin":1,"minecraft:moss_carpet":3,"minecraft:dark_oak_stairs":6,"minecraft:pointed_dripstone":2,"minecraft:flowering_azalea_leaves":1,"minecraft:water_cauldron":4,"minecraft:oak_stairs":2,"minecraft:iron_bars":8,"minecraft:purple_carpet":1,"minecraft:spruce_pressure_plate":6,"minecraft:green_carpet":10,"minecraft:spruce_slab":9,"minecraft:orange_bed":3,"bountiful:bountyboard":1,"minecraft:red_bed":2,"minecraft:smoker":2,"minecraft:deepslate_tile_slab":4,"minecraft:clay":1,"minecraft:torch":6,"minecraft:melon":5,"minecraft:chest":7,"minecraft:dead_bush":2,"minecraft:white_stained_glass_pane":2,"minecraft:cobblestone":67,"minecraft:glass":4,"spelunkers_charm:rock_pile_2":1,"minecraft:sugar_cane":3,"minecraft:oak_planks":19,"minecraft:iron_door":2,"minecraft:wall_torch":9,"minecraft:stone_stairs":4,"minecraft:chain":3,"spelunkers_charm:rock_pile_3":1,"minecraft:blue_terracotta":1,"minecraft:verdant_froglight":1,"minecraft:dark_oak_slab":1,"minecraft:birch_log":52,"minecraft:lilac":2,"minecraft:stone_brick_stairs":3,"minecraft:grass":73,"minecraft:oak_log":52,"minecraft:acacia_fence":1,"minecraft:lime_terracotta":17,"minecraft:sand":17,"minecraft:dirt":175,"minecraft:oak_leaves":3,"minecraft:deepslate":143,"minecraft:deepslate_tiles":18,"minecraft:red_carpet":1,"minecraft:tuff":56,"minecraft:mossy_cobblestone":25,"minecraft:dark_oak_leaves":6,"minecraft:deepslate_diamond_ore":2,"minecraft:candle":1,"minecraft:oak_door":2,"minecraft:dark_oak_fence":1,"minecraft:stone_button":2,"minecraft:spruce_fence":5,"minecraft:decorated_pot":3,"minecraft:moss_block":4,"minecraft:cartography_table":1,"minecraft:rooted_dirt":1,"minecraft:oak_trapdoor":4,"minecraft:furnace":3,"minecraft:carrots":20,"minecraft:raw_gold_block":1,"minecraft:acacia_stairs":1,"minecraft:andesite":1,"minecraft:green_terracotta":5,"minecraft:stripped_spruce_log":3,"minecraft:peony":3,"minecraft:bell":1,"minecraft:mossy_stone_brick_stairs":1,"minecraft:bookshelf":4,"minecraft:potatoes":2,"minecraft:vine":1,"minecraft:deepslate_iron_ore":13,"minecraft:shroomlight":1,"minecraft:lantern":2,"minecraft:bamboo":2,"minecraft:stone":1072,"minecraft:white_wool":2,"minecraft:smithing_table":1,"minecraft:oak_slab":2,"minecraft:birch_stairs":2,"minecraft:scaffolding":8,"minecraft:red_wool":1,"minecraft:potted_lily_of_the_valley":1,"minecraft:basalt":2,"minecraft:stone_brick_slab":1,"minecraft:crafting_table":2,"minecraft:sponge":3,"spelunkers_charm:dead_grass":1,"minecraft:stone_slab":1,"minecraft:dried_kelp_block":7,"minecraft:tall_grass":53,"minecraft:copper_ore":83,"minecraft:deepslate_gold_ore":20,"minecraft:lapis_ore":6,"minecraft:spruce_stairs":53,"minecraft:purple_bed":2,"minecraft:coarse_dirt":13,"minecraft:torchflower":1,"minecraft:purple_concrete":5,"minecraft:white_wall_banner":2,"minecraft:coal_ore":221,"minecraft:sunflower":6,"minecraft:gravel":42,"minecraft:dripstone_block":12,"minecraft:cobweb":53,"minecraft:spruce_fence_gate":3,"minecraft:stone_bricks":11,"minecraft:small_dripleaf":1,"minecraft:infested_stone":1}},"DataVersion":3465}