{"stats":{"minecraft:custom":{"minecraft:interact_with_furnace":15,"minecraft:mob_kills":28,"minecraft:interact_with_crafting_table":10,"minecraft:open_barrel":27,"minecraft:time_since_death":64749,"minecraft:sleep_in_bed":7,"minecraft:climb_one_cm":2779,"minecraft:time_since_rest":8850,"minecraft:sprint_one_cm":207052,"minecraft:damage_taken":391,"minecraft:walk_one_cm":96217,"minecraft:drop":13,"minecraft:damage_dealt":3085,"minecraft:talked_to_villager":2,"minecraft:swim_one_cm":20838,"minecraft:fly_one_cm":162049,"minecraft:open_chest":11,"minecraft:crouch_one_cm":2157,"minecraft:play_time":64749,"minecraft:sneak_time":880,"minecraft:walk_under_water_one_cm":5415,"minecraft:jump":720,"minecraft:walk_on_water_one_cm":12544,"minecraft:total_world_time":64749,"minecraft:fall_one_cm":15902},"minecraft:crafted":{"minecraft:oak_planks":16,"minecraft:stone_shovel":1,"minecraft:cooked_porkchop":4,"minecraft:leather_leggings":1,"minecraft:cooked_chicken":2,"minecraft:furnace":1,"minecraft:stone_axe":1,"minecraft:cooked_mutton":15,"minecraft:air":0,"minecraft:stick":12,"minecraft:iron_ingot":2,"minecraft:stone_pickaxe":2,"minecraft:stone_sword":1,"minecraft:chest":2,"minecraft:acacia_planks":100,"minecraft:torch":24},"minecraft:used":{"minecraft:beetroot":2,"minecraft:cooked_mutton":4,"minecraft:stone_sword":97,"minecraft:stone_shovel":9,"minecraft:stone_pickaxe":158,"minecraft:oak_planks":2,"minecraft:chest":3,"minecraft:torch":5,"minecraft:cod":1,"minecraft:stone_axe":59,"minecraft:cooked_porkchop":3,"minecraft:furnace":1,"minecraft:cooked_beef":2,"minecraft:acacia_planks":12},"minecraft:mined":{"minecraft:clay":1,"minecraft:acacia_log":24,"minecraft:grass_block":6,"minecraft:chest":1,"spelunkers_charm:rock_pile_2":1,"minecraft:tall_grass":8,"minecraft:copper_ore":1,"minecraft:oak_planks":3,"minecraft:sugar_cane":2,"minecraft:wall_torch":1,"minecraft:spruce_stairs":1,"spelunkers_charm:rock_pile_3":1,"minecraft:iron_ore":2,"minecraft:pumpkin":1,"minecraft:grass":12,"minecraft:oak_log":20,"minecraft:coal_ore":34,"minecraft:vine":1,"minecraft:oak_stairs":1,"minecraft:dirt":5,"minecraft:stone":117,"minecraft:oak_leaves":3},"minecraft:broken":{"minecraft:stone_pickaxe":1},"minecraft:killed":{"minecraft:spider":1,"minecraft:sheep":8,"minecraft:horse":3,"minecraft:skeleton":1,"minecraft:zombie":1,"minecraft:chicken":4,"minecraft:drowned":2,"minecraft:cow":8},"minecraft:dropped":{"minecraft:wheat_seeds":7,"minecraft:beetroot":2,"minecraft:clay_ball":4,"minecraft:oak_planks":17,"minecraft:apple":1,"minecraft:carrot":7,"minecraft:oak_sapling":3,"minecraft:acacia_sapling":3,"minecraft:dried_kelp":5,"minecraft:white_wool":3},"minecraft:picked_up":{"minecraft:feather":4,"minecraft:chicken":4,"minecraft:clay_ball":4,"minecraft:leather_leggings":2,"minecraft:leather":6,"minecraft:oak_stairs":1,"minecraft:oak_log":20,"minecraft:dirt":9,"minecraft:raw_copper":3,"minecraft:cooked_mutton":4,"minecraft:bone":4,"minecraft:wheat_seeds":6,"minecraft:beef":13,"minecraft:sugar_cane":7,"minecraft:chest":1,"minecraft:acacia_sapling":11,"minecraft:oak_planks":3,"minecraft:raw_iron":2,"minecraft:stick":40,"minecraft:pumpkin":1,"minecraft:torch":1,"minecraft:acacia_log":25,"minecraft:spruce_stairs":1,"minecraft:spruce_log":55,"minecraft:dark_oak_log":5,"minecraft:spider_eye":1,"minecraft:arrow":3,"minecraft:rotten_flesh":2,"minecraft:gray_wool":2,"minecraft:bread":10,"minecraft:emerald":1,"minecraft:oak_sapling":7,"spelunkers_charm:rock":5,"minecraft:mutton":13,"minecraft:coal":34,"minecraft:white_wool":6,"minecraft:cobblestone":117}},"DataVersion":3465}