{
  "dungeons_arise:wda_root": {
    "criteria": {
      "WDA": "2024-06-23 01:46:44 +0000"
    },
    "done": true
  },
  "weaponmaster:parts/root": {
    "criteria": {
      "crafting_table": "2024-06-23 01:46:44 +0000"
    },
    "done": true
  },
  "minecraft:recipes/decorations/crafting_table": {
    "criteria": {
      "unlock_right_away": "2024-06-23 01:46:44 +0000"
    },
    "done": true
  },
  "minecraft:adventure/adventuring_time": {
    "criteria": {
      "minecraft:old_growth_pine_taiga": "2024-06-23 01:48:25 +0000",
      "minecraft:dark_forest": "2024-06-23 01:48:23 +0000",
      "minecraft:river": "2024-06-23 01:48:29 +0000",
      "minecraft:stony_shore": "2024-06-23 01:48:32 +0000",
      "minecraft:old_growth_spruce_taiga": "2024-06-23 01:48:30 +0000",
      "minecraft:old_growth_birch_forest": "2024-06-23 01:46:45 +0000",
      "minecraft:savanna": "2024-06-23 01:50:44 +0000"
    },
    "done": false
  },
  "DataVersion": 3465
}