{
  "dungeons_arise:wda_root": {
    "criteria": {
      "WDA": "2024-06-23 03:18:29 +0000"
    },
    "done": true
  },
  "weaponmaster:parts/root": {
    "criteria": {
      "crafting_table": "2024-06-23 03:18:29 +0000"
    },
    "done": true
  },
  "minecraft:recipes/decorations/crafting_table": {
    "criteria": {
      "unlock_right_away": "2024-06-23 03:18:29 +0000"
    },
    "done": true
  },
  "minecraft:adventure/adventuring_time": {
    "criteria": {
      "minecraft:cherry_grove": "2024-06-23 03:35:28 +0000",
      "minecraft:bamboo_jungle": "2024-06-23 03:23:31 +0000",
      "minecraft:beach": "2024-06-23 03:22:25 +0000",
      "minecraft:sparse_jungle": "2024-06-23 03:20:26 +0000",
      "minecraft:lukewarm_ocean": "2024-06-23 03:25:26 +0000",
      "minecraft:river": "2024-06-23 03:19:13 +0000",
      "minecraft:forest": "2024-06-23 03:18:31 +0000",
      "minecraft:lush_caves": "2024-06-23 03:23:36 +0000",
      "minecraft:jungle": "2024-06-23 03:22:39 +0000",
      "minecraft:warm_ocean": "2024-06-23 03:39:07 +0000",
      "minecraft:meadow": "2024-06-23 03:34:14 +0000",
      "minecraft:savanna": "2024-06-23 03:19:56 +0000",
      "minecraft:plains": "2024-06-23 03:19:07 +0000"
    },
    "done": false
  },
  "dungeons_arise:find_abandoned_temple": {
    "criteria": {
      "location0": "2024-06-23 03:34:14 +0000"
    },
    "done": true
  },
  "hopo:minecraft/adventure/locate_all_underwater_structures": {
    "criteria": {
      "locate_underwater_warm_small_ruins": "2024-06-23 03:42:53 +0000"
    },
    "done": false
  },
  "incendium:technical/scroll_of_returning": {
    "criteria": {
      "log_spam_fixer": "2024-06-23 03:48:10 +0000"
    },
    "done": false
  },
  "incendium:technical/using/ragnarok": {
    "criteria": {
      "log_spam_fixer": "2024-06-23 03:48:10 +0000"
    },
    "done": false
  },
  "minecraft:nether/explore_nether": {
    "criteria": {
      "minecraft:crimson_forest": "2024-06-23 03:49:51 +0000",
      "minecraft:nether_wastes": "2024-06-23 03:52:02 +0000"
    },
    "done": false
  },
  "incendium:root": {
    "criteria": {
      "requirement": "2024-06-23 03:49:50 +0000"
    },
    "done": true
  },
  "minecraft:nether/root": {
    "criteria": {
      "entered_nether": "2024-06-23 03:49:50 +0000"
    },
    "done": true
  },
  "incendium:misc/root": {
    "criteria": {
      "incendium:weeping_valley": "2024-06-23 03:52:39 +0000"
    },
    "done": true
  },
  "minecraft:recipes/tools/flint_and_steel": {
    "criteria": {
      "has_obsidian": "2024-06-23 03:48:58 +0000"
    },
    "done": true
  },
  "minecraft:story/enter_the_nether": {
    "criteria": {
      "entered_nether": "2024-06-23 03:49:50 +0000"
    },
    "done": true
  },
  "minecraft:story/form_obsidian": {
    "criteria": {
      "obsidian": "2024-06-23 03:48:58 +0000"
    },
    "done": true
  },
  "incendium:technical/using/trailblazer": {
    "criteria": {
      "log_spam_fixer": "2024-06-23 03:48:10 +0000"
    },
    "done": false
  },
  "incendium:misc/soul_searcher": {
    "criteria": {
      "incendium:weeping_valley": "2024-06-23 03:52:39 +0000"
    },
    "done": false
  },
  "incendium:technical/using/shield": {
    "criteria": {
      "log_spam_fixer": "2024-06-23 03:48:10 +0000"
    },
    "done": false
  },
  "minecraft:recipes/decorations/enchanting_table": {
    "criteria": {
      "has_obsidian": "2024-06-23 03:48:58 +0000"
    },
    "done": true
  },
  "incendium:technical/new_player": {
    "criteria": {
      "requirement": "2024-06-23 03:48:07 +0000"
    },
    "done": true
  },
  "DataVersion": 3465
}